Pasta;Epoch;Tipo;precision;recall;f1_score;support
inceptionv3_larvae;1;Class 0;0.5454545454545454;0.35363636363636364;0.41181818181818186;59.0
inceptionv3_larvae;1;Class 1;0.8737499999999999;1.0;0.9260000000000002;261.0
inceptionv3_larvae;1;Micro Avg;0.88325;0.88325;0.88325;320.0
inceptionv3_larvae;1;Macro Avg;0.7502500000000001;0.7329999999999999;0.7202499999999997;320.0
inceptionv3_larvae;1;weighted avg ;0.8450000000000001;0.88325;0.8462500000000001;320.0
inceptionv3_larvae;2;Class 0;0.5396825396825397;0.3531746031746032;0.4103174603174605;112.0
inceptionv3_larvae;2;Class 1;0.8783544303797468;1.0;0.9288607594936712;520.0
inceptionv3_larvae;2;Micro Avg;0.8863291139240508;0.8863291139240508;0.8863291139240508;632.0
inceptionv3_larvae;2;Macro Avg;0.7564556962025316;0.7418987341772151;0.7291139240506327;632.0
inceptionv3_larvae;2;weighted avg ;0.8444303797468359;0.8863291139240508;0.8491139240506329;632.0
inceptionv3_larvae;3;Class 0;0.5204081632653061;0.34091836734693876;0.3967346938775513;171.0
inceptionv3_larvae;3;Class 1;0.8748305084745757;1.0;0.9271186440677975;773.0
inceptionv3_larvae;3;Micro Avg;0.883389830508474;0.883389830508474;0.883389830508474;944.0
inceptionv3_larvae;3;Macro Avg;0.7390677966101693;0.7262711864406779;0.7131355932203393;944.0
inceptionv3_larvae;3;weighted avg ;0.8376271186440677;0.883389830508474;0.84457627118644;944.0
inceptionv3_larvae;4;Class 0;0.5114503816793893;0.3440458015267175;0.39618320610687047;223.0
inceptionv3_larvae;4;Class 1;0.8777070063694259;1.0;0.9289808917197466;1033.0
inceptionv3_larvae;4;Micro Avg;0.8857961783439481;0.8857961783439481;0.8857961783439481;1256.0
inceptionv3_larvae;4;Macro Avg;0.7358598726114647;0.7263694267515923;0.7128662420382172;1256.0
inceptionv3_larvae;4;weighted avg ;0.8381528662420381;0.8857961783439481;0.8469426751592344;1256.0
inceptionv3_larvae;5;Class 0;0.54375;0.3680624999999999;0.4224375000000003;274.0
inceptionv3_larvae;5;Class 1;0.8814358974358971;1.0;0.9309230769230782;1286.0
inceptionv3_larvae;5;Micro Avg;0.8897948717948707;0.8897948717948707;0.8897948717948707;1560.0
inceptionv3_larvae;5;Macro Avg;0.7543076923076925;0.7408717948717946;0.7288205128205133;1560.0
inceptionv3_larvae;5;weighted avg ;0.8473846153846152;0.8897948717948707;0.8533846153846146;1560.0
inceptionv3_cevada;1;Class 0;0.83;1.00;0.91;10
inceptionv3_cevada;1;Class 1;1.00;0.62;0.77;6.0
inceptionv3_cevada;1;Micro Avg;0.88;0.88;0.88;16
inceptionv3_cevada;1;Macro Avg;0.92;0.81;0.83;16
inceptionv3_cevada;1;weighted avg ;0.90;0.88;0.86;16
inceptionv3_cevada;2;Class 0;0.61;1.00;0.73;15
inceptionv3_cevada;2;Class 1;1.00;0.45;0.59;17
inceptionv3_cevada;2;Micro Avg;0.69;0.69;0.69;32
inceptionv3_cevada;2;Macro Avg;0.80;0.72;0.66;32
inceptionv3_cevada;2;weighted avg ;0.85;0.69;0.67;32
inceptionv3_cevada;3;Class 0;0.62;1.00;0.75;24
inceptionv3_cevada;3;Class 1;1.00;0.39;0.54;24
inceptionv3_cevada;3;Micro Avg;0.69;0.69;0.69;48
inceptionv3_cevada;3;Macro Avg;0.81;0.70;0.64;48
inceptionv3_cevada;3;weighted avg ;0.84;0.69;0.66;48
inceptionv3_cevada;4;Class 0;0.64;1.00;0.76;33
inceptionv3_cevada;4;Class 1;1.00;0.41;0.56;31
inceptionv3_cevada;4;Micro Avg;0.70;0.70;0.70;64
inceptionv3_cevada;4;Macro Avg;0.82;0.70;0.66;64
inceptionv3_cevada;4;weighted avg ;0.84;0.70;0.67;64
inceptionv3_cevada;5;Class 0;0.65;1.00;0.77;39
inceptionv3_cevada;5;Class 1;0.89;0.36;0.50;33
inceptionv3_cevada;5;Micro Avg;0.71;0.71;0.71;72
inceptionv3_cevada;5;Macro Avg;0.77;0.68;0.63;72
inceptionv3_cevada;5;weighted avg ;0.81;0.71;0.67;72
inceptionv3_mammoset;1;Class 0;0.19;0.11;0.13;121
inceptionv3_mammoset;1;Class 1;0.29;0.37;0.30;88
inceptionv3_mammoset;1;Class 2;0.18;0.08;0.11;125
inceptionv3_mammoset;1;Class 3;0.30;0.67;0.39;130
inceptionv3_mammoset;1;Micro Avg;0.33;0.33;0.33;464
inceptionv3_mammoset;1;Macro Avg;0.24;0.32;0.24;464
inceptionv3_mammoset;1;weighted avg ;0.30;0.33;0.27;464
inceptionv3_mammoset;2;Class 0;0.16;0.09;0.11;243
inceptionv3_mammoset;2;Class 1;0.26;0.33;0.27;184
inceptionv3_mammoset;2;Class 2;0.18;0.08;0.11;268
inceptionv3_mammoset;2;Class 3;0.29;0.66;0.38;249
inceptionv3_mammoset;2;Micro Avg;0.32;0.32;0.32;944
inceptionv3_mammoset;2;Macro Avg;0.23;0.30;0.22;944
inceptionv3_mammoset;2;weighted avg ;0.29;0.32;0.26;944
inceptionv3_mammoset;3;Class 0;0.14;0.08;0.10;345
inceptionv3_mammoset;3;Class 1;0.27;0.34;0.28;269
inceptionv3_mammoset;3;Class 2;0.19;0.09;0.11;397
inceptionv3_mammoset;3;Class 3;0.28;0.64;0.38;365
inceptionv3_mammoset;3;Micro Avg;0.32;0.32;0.32;1376
inceptionv3_mammoset;3;Macro Avg;0.23;0.29;0.22;1376
inceptionv3_mammoset;3;weighted avg ;0.29;0.32;0.26;1376
inceptionv3_mammoset;4;Class 0;0.15;0.09;0.10;447
inceptionv3_mammoset;4;Class 1;0.28;0.34;0.28;373
inceptionv3_mammoset;4;Class 2;0.20;0.09;0.11;520
inceptionv3_mammoset;4;Class 3;0.28;0.64;0.37;476
inceptionv3_mammoset;4;Micro Avg;0.32;0.32;0.32;1816
inceptionv3_mammoset;4;Macro Avg;0.23;0.29;0.22;1816
inceptionv3_mammoset;4;weighted avg ;0.30;0.32;0.27;1816
inceptionv3_mammoset;5;Class 0;0.14;0.08;0.10;564
inceptionv3_mammoset;5;Class 1;0.28;0.33;0.28;464
inceptionv3_mammoset;5;Class 2;0.20;0.09;0.12;653
inceptionv3_mammoset;5;Class 3;0.28;0.65;0.37;591
inceptionv3_mammoset;5;Micro Avg;0.32;0.32;0.32;2272
inceptionv3_mammoset;5;Macro Avg;0.23;0.29;0.22;2272
inceptionv3_mammoset;5;weighted avg ;0.29;0.32;0.26;2272
inceptionv3_larvae_augmentation;1;Class 0;0.06;0.03;0.04;57
inceptionv3_larvae_augmentation;1;Class 1;0.83;1.00;0.90;263
inceptionv3_larvae_augmentation;1;Micro Avg;0.83;0.83;0.83;320
inceptionv3_larvae_augmentation;1;Macro Avg;0.52;0.59;0.54;320
inceptionv3_larvae_augmentation;1;weighted avg ;0.70;0.83;0.76;320
inceptionv3_larvae_augmentation;2;Class 0;0.05;0.02;0.03;113
inceptionv3_larvae_augmentation;2;Class 1;0.83;1.00;0.90;519
inceptionv3_larvae_augmentation;2;Micro Avg;0.83;0.83;0.83;632
inceptionv3_larvae_augmentation;2;Macro Avg;0.52;0.60;0.55;632
inceptionv3_larvae_augmentation;2;weighted avg ;0.70;0.83;0.75;632
inceptionv3_larvae_augmentation;3;Class 0;0.04;0.02;0.03;161
inceptionv3_larvae_augmentation;3;Class 1;0.83;1.00;0.90;783
inceptionv3_larvae_augmentation;3;Micro Avg;0.84;0.84;0.84;944
inceptionv3_larvae_augmentation;3;Macro Avg;0.53;0.60;0.56;944
inceptionv3_larvae_augmentation;3;weighted avg ;0.71;0.84;0.76;944
inceptionv3_larvae_augmentation;4;Class 0;0.04;0.02;0.03;212
inceptionv3_larvae_augmentation;4;Class 1;0.84;1.00;0.91;1044
inceptionv3_larvae_augmentation;4;Micro Avg;0.84;0.84;0.84;1256
inceptionv3_larvae_augmentation;4;Macro Avg;0.52;0.60;0.55;1256
inceptionv3_larvae_augmentation;4;weighted avg ;0.71;0.84;0.77;1256
inceptionv3_larvae_augmentation;5;Class 0;0.06;0.03;0.04;262
inceptionv3_larvae_augmentation;5;Class 1;0.84;1.00;0.91;1298
inceptionv3_larvae_augmentation;5;Micro Avg;0.84;0.84;0.84;1560
inceptionv3_larvae_augmentation;5;Macro Avg;0.54;0.61;0.56;1560
inceptionv3_larvae_augmentation;5;weighted avg ;0.72;0.84;0.77;1560
inceptionv3_cevada_augmentation;1;Class 0;0.62;0.32;0.42;12
inceptionv3_cevada_augmentation;1;Class 1;0.17;0.34;0.22;4
inceptionv3_cevada_augmentation;1;Micro Avg;0.38;0.38;0.38;16
inceptionv3_cevada_augmentation;1;Macro Avg;0.40;0.32;0.32;16
inceptionv3_cevada_augmentation;1;weighted avg ;0.55;0.38;0.41;16
inceptionv3_cevada_augmentation;2;Class 0;0.81;0.43;0.57;19
inceptionv3_cevada_augmentation;2;Class 1;0.45;0.67;0.53;13
inceptionv3_cevada_augmentation;2;Micro Avg;0.60;0.60;0.60;32
inceptionv3_cevada_augmentation;2;Macro Avg;0.63;0.55;0.55;32
inceptionv3_cevada_augmentation;2;weighted avg ;0.71;0.60;0.61;32
inceptionv3_cevada_augmentation;3;Class 0;0.79;0.41;0.54;27
inceptionv3_cevada_augmentation;3;Class 1;0.49;0.74;0.59;21
inceptionv3_cevada_augmentation;3;Micro Avg;0.61;0.61;0.61;48
inceptionv3_cevada_augmentation;3;Macro Avg;0.64;0.57;0.56;48
inceptionv3_cevada_augmentation;3;weighted avg ;0.69;0.61;0.61;48
inceptionv3_cevada_augmentation;4;Class 0;0.65;0.40;0.48;33
inceptionv3_cevada_augmentation;4;Class 1;0.45;0.45;0.61;31
inceptionv3_cevada_augmentation;4;Micro Avg;0.55;0.55;0.55;64
inceptionv3_cevada_augmentation;4;Macro Avg;0.55;0.51;0.51;64
inceptionv3_cevada_augmentation;4;weighted avg ;0.60;0.55;0.55;64
inceptionv3_cevada_augmentation;5;Class 0;0.69;0.40;0.48;39
inceptionv3_cevada_augmentation;5;Class 1;0.43;0.66;0.51;33
inceptionv3_cevada_augmentation;5;Micro Avg;0.54;0.54;0.54;72
inceptionv3_cevada_augmentation;5;Macro Avg;0.56;0.53;0.49;72
inceptionv3_cevada_augmentation;5;weighted avg ;0.63;0.54;0.54;72
inceptionv3_mammoset_augmentation;1;Class 0;0.23;0.14;0.17;113
inceptionv3_mammoset_augmentation;1;Class 1;0.26;0.20;0.21;93
inceptionv3_mammoset_augmentation;1;Class 2;0.37;0.29;0.30;118
inceptionv3_mammoset_augmentation;1;Class 3;0.23;0.52;0.30;100
inceptionv3_mammoset_augmentation;1;Micro Avg;0.32;0.32;0.32;424
inceptionv3_mammoset_augmentation;1;Macro Avg;0.27;0.29;0.25;424
inceptionv3_mammoset_augmentation;1;weighted avg ;0.35;0.32;0.30;424
inceptionv3_mammoset_augmentation;2;Class 0;0.23;0.16;0.18;216
inceptionv3_mammoset_augmentation;2;Class 1;0.21;0.14;0.16;193
inceptionv3_mammoset_augmentation;2;Class 2;0.37;0.31;0.31;225
inceptionv3_mammoset_augmentation;2;Class 3;0.24;0.53;0.32;222
inceptionv3_mammoset_augmentation;2;Micro Avg;0.32;0.32;0.32;856
inceptionv3_mammoset_augmentation;2;Macro Avg;0.26;0.29;0.24;856
inceptionv3_mammoset_augmentation;2;weighted avg ;0.34;0.32;0.29;856
inceptionv3_mammoset_augmentation;3;Class 0;0.24;0.17;0.19;320
inceptionv3_mammoset_augmentation;3;Class 1;0.23;0.16;0.18;286
inceptionv3_mammoset_augmentation;3;Class 2;0.38;0.32;0.33;353
inceptionv3_mammoset_augmentation;3;Class 3;0.25;0.55;0.32;321
inceptionv3_mammoset_augmentation;3;Micro Avg;0.33;0.33;0.33;1280
inceptionv3_mammoset_augmentation;3;Macro Avg;0.28;0.30;0.25;1280
inceptionv3_mammoset_augmentation;3;weighted avg ;0.35;0.33;0.30;1280
inceptionv3_mammoset_augmentation;4;Class 0;0.26;0.17;0.19;428
inceptionv3_mammoset_augmentation;4;Class 1;0.22;0.15;0.17;379
inceptionv3_mammoset_augmentation;4;Class 2;0.41;0.33;0.34;485
inceptionv3_mammoset_augmentation;4;Class 3;0.25;0.56;0.32;428
inceptionv3_mammoset_augmentation;4;Micro Avg;0.34;0.34;0.34;1720
inceptionv3_mammoset_augmentation;4;Macro Avg;0.28;0.31;0.26;1720
inceptionv3_mammoset_augmentation;4;weighted avg ;0.36;0.34;0.31;1720
inceptionv3_mammoset_augmentation;5;Class 0;0.25;0.17;0.19;529
inceptionv3_mammoset_augmentation;5;Class 1;0.22;0.15;0.17;479
inceptionv3_mammoset_augmentation;5;Class 2;0.42;0.35;0.36;600
inceptionv3_mammoset_augmentation;5;Class 3;0.25;0.56;0.33;544
inceptionv3_mammoset_augmentation;5;Micro Avg;0.34;0.34;0.34;2152
inceptionv3_mammoset_augmentation;5;Macro Avg;0.29;0.31;0.26;2152
inceptionv3_mammoset_augmentation;5;weighted avg ;0.36;0.34;0.31;2152
resnetv2_larvae;1;Class 0;0.0;0.0;0.0;55.0
resnetv2_larvae;1;Class 1;0.8319444444444448;1.0;0.9013888888888891;269.0
resnetv2_larvae;1;Micro Avg;0.8319444444444448;0.8319444444444448;0.8319444444444448;324.0
resnetv2_larvae;1;Macro Avg;0.4963888888888888;0.5833333333333334;0.5344444444444445;324.0
resnetv2_larvae;1;weighted avg;0.7047222222222222;0.8319444444444448;0.7602777777777778;324.0
resnetv2_larvae;2;Class 0;0.0;0.0;0.0;111.0
resnetv2_larvae;2;Class 1;0.828028169014085;1.0;0.9002816901408448;528.0
resnetv2_larvae;2;Micro Avg;0.828028169014085;0.828028169014085;0.828028169014085;639.0
resnetv2_larvae;2;Macro Avg;0.4743661971830987;0.5633802816901409;0.5138028169014082;639.0
resnetv2_larvae;2;weighted avg;0.6952112676056337;0.828028169014085;0.7536619718309867;639.0
resnetv2_larvae;3;Class 0;0.0;0.0;0.0;171.0
resnetv2_larvae;3;Class 1;0.8225471698113214;1.0;0.8973584905660366;783.0
resnetv2_larvae;3;Micro Avg;0.8225471698113214;0.8225471698113214;0.8225471698113214;954.0
resnetv2_larvae;3;Macro Avg;0.4698113207547168;0.5613207547169812;0.5102830188679239;954.0
resnetv2_larvae;3;weighted avg;0.6855660377358488;0.8225471698113214;0.7456603773584921;954.0
resnetv2_larvae;4;Class 0;0.0;0.0;0.0;231.0
resnetv2_larvae;4;Class 1;0.8197872340425539;1.0;0.8962411347517714;1038.0
resnetv2_larvae;4;Micro Avg;0.8197872340425539;0.8197872340425539;0.8197872340425539;1269.0
resnetv2_larvae;4;Macro Avg;0.471205673758865;0.5638297872340425;0.512198581560283;1269.0
resnetv2_larvae;4;weighted avg;0.6802127659574462;0.8197872340425539;0.7413475177304987;1269.0
resnetv2_larvae;5;Class 0;0.0;0.0;0.0;281.0
resnetv2_larvae;5;Class 1;0.8233142857142857;1.0;0.8980571428571416;1294.0
resnetv2_larvae;5;Micro Avg;0.8233142857142857;0.8233142857142857;0.8233142857142857;1575.0
resnetv2_larvae;5;Macro Avg;0.4805714285714282;0.5714285714285714;0.5206857142857136;1575.0
resnetv2_larvae;5;weighted avg;0.6871428571428568;0.8233142857142857;0.7467428571428595;1575.0
resnetv2_larvae_augmentation;1;Class 0;0.0;0.0;0.0;46.0
resnetv2_larvae_augmentation;1;Class 1;0.8594444444444448;1.0;0.9211111111111112;278.0
resnetv2_larvae_augmentation;1;Micro Avg;0.8594444444444448;0.8594444444444448;0.8594444444444448;324.0
resnetv2_larvae_augmentation;1;Macro Avg;0.5241666666666668;0.5972222222222222;0.5577777777777776;324.0
resnetv2_larvae_augmentation;1;weighted avg;0.7444444444444445;0.8594444444444448;0.7966666666666666;324.0
resnetv2_larvae_augmentation;2;Class 0;0.0;0.0;0.0;88.0
resnetv2_larvae_augmentation;2;Class 1;0.8636619718309865;1.0;0.9228169014084501;551.0
resnetv2_larvae_augmentation;2;Micro Avg;0.8636619718309865;0.8636619718309865;0.8636619718309865;639.0
resnetv2_larvae_augmentation;2;Macro Avg;0.5343661971830984;0.6056338028169014;0.5670422535211264;639.0
resnetv2_larvae_augmentation;2;weighted avg;0.7529577464788729;0.8636619718309865;0.8030985915492966;639.0
resnetv2_larvae_augmentation;3;Class 0;0.0;0.0;0.0;143.0
resnetv2_larvae_augmentation;3;Class 1;0.8516037735849062;1.0;0.9155660377358477;811.0
resnetv2_larvae_augmentation;3;Micro Avg;0.8516037735849062;0.8516037735849062;0.8516037735849062;954.0
resnetv2_larvae_augmentation;3;Macro Avg;0.5171698113207543;0.5943396226415094;0.552169811320754;954.0
resnetv2_larvae_augmentation;3;weighted avg;0.7328301886792453;0.8516037735849062;0.7860377358490581;954.0
resnetv2_larvae_augmentation;4;Class 0;0.0;0.0;0.0;185.0
resnetv2_larvae_augmentation;4;Class 1;0.8556737588652489;1.0;0.9176595744680835;1084.0
resnetv2_larvae_augmentation;4;Micro Avg;0.8556737588652489;0.8556737588652489;0.8556737588652489;1269.0
resnetv2_larvae_augmentation;4;Macro Avg;0.52418439716312;0.599290780141844;0.5582269503546092;1269.0
resnetv2_larvae_augmentation;4;weighted avg;0.7404255319148942;0.8556737588652489;0.7921985815602857;1269.0
resnetv2_larvae_augmentation;5;Class 0;0.0;0.0;0.0;231.0
resnetv2_larvae_augmentation;5;Class 1;0.8547999999999999;1.0;0.9166857142857131;1344.0
resnetv2_larvae_augmentation;5;Micro Avg;0.8547999999999999;0.8547999999999999;0.8547999999999999;1575.0
resnetv2_larvae_augmentation;5;Macro Avg;0.5331999999999995;0.6085714285714285;0.5670857142857136;1575.0
resnetv2_larvae_augmentation;5;weighted avg;0.740228571428572;0.8547999999999999;0.7913714285714307;1575.0
resnetv2_cevada;1;Class 0;0.6966666666666667;0.9533333333333333;0.7966666666666667;19.0
resnetv2_cevada;1;Class 1;0.0;0.0;0.0;8.0
resnetv2_cevada;1;Micro Avg;0.6699999999999999;0.6699999999999999;0.6699999999999999;27.0
resnetv2_cevada;1;Macro Avg;0.35000000000000003;0.4766666666666666;0.39999999999999997;27.0
resnetv2_cevada;1;weighted avg;0.4966666666666666;0.6699999999999999;0.5666666666666668;27.0
resnetv2_cevada;2;Class 0;0.708;0.9719999999999999;0.8140000000000001;32.0
resnetv2_cevada;2;Class 1;0.0;0.0;0.0;13.0
resnetv2_cevada;2;Micro Avg;0.692;0.692;0.692;45.0
resnetv2_cevada;2;Macro Avg;0.354;0.48599999999999993;0.40800000000000003;45.0
resnetv2_cevada;2;weighted avg;0.506;0.692;0.5820000000000001;45.0
resnetv2_cevada;3;Class 0;0.6742857142857143;0.9557142857142856;0.7842857142857144;43.0
resnetv2_cevada;3;Class 1;0.0;0.0;0.0;20.0
resnetv2_cevada;3;Micro Avg;0.6542857142857142;0.6542857142857142;0.6542857142857142;63.0
resnetv2_cevada;3;Macro Avg;0.33714285714285713;0.47857142857142854;0.39428571428571424;63.0
resnetv2_cevada;3;weighted avg;0.4657142857142857;0.6542857142857142;0.5414285714285715;63.0
resnetv2_cevada;4;Class 0;0.6822222222222222;0.9500000000000001;0.7877777777777778;56.0
resnetv2_cevada;4;Class 1;0.0;0.0;0.0;25.0
resnetv2_cevada;4;Micro Avg;0.6577777777777778;0.6577777777777778;0.6577777777777778;81.0
resnetv2_cevada;4;Macro Avg;0.3411111111111111;0.4755555555555555;0.3955555555555555;81.0
resnetv2_cevada;4;weighted avg;0.47555555555555556;0.6577777777777778;0.548888888888889;81.0
resnetv2_cevada;5;Class 0;0.6519999999999999;0.93;0.759;60.0
resnetv2_cevada;5;Class 1;0.0;0.0;0.0;30.0
resnetv2_cevada;5;Micro Avg;0.625;0.625;0.625;90.0
resnetv2_cevada;5;Macro Avg;0.32599999999999996;0.4659999999999999;0.38099999999999995;90.0
resnetv2_cevada;5;weighted avg;0.445;0.625;0.516;90.0
resnetv2_cevada_augmentation;1;Class 0;0.7566666666666667;0.49333333333333335;0.5433333333333333;20.0
resnetv2_cevada_augmentation;1;Class 1;0.27;0.5;0.2733333333333333;7.0
resnetv2_cevada_augmentation;1;Micro Avg;0.44333333333333336;0.44333333333333336;0.44333333333333336;27.0
resnetv2_cevada_augmentation;1;Macro Avg;0.5133333333333333;0.49333333333333335;0.41;27.0
resnetv2_cevada_augmentation;1;weighted avg;0.68;0.44333333333333336;0.47666666666666674;27.0
resnetv2_cevada_augmentation;2;Class 0;0.768;0.542;0.58;32.0
resnetv2_cevada_augmentation;2;Class 1;0.328;0.55;0.32999999999999996;13.0
resnetv2_cevada_augmentation;2;Micro Avg;0.49000000000000005;0.49000000000000005;0.49000000000000005;45.0
resnetv2_cevada_augmentation;2;Macro Avg;0.55;0.5439999999999999;0.45600000000000007;45.0
resnetv2_cevada_augmentation;2;weighted avg;0.686;0.49000000000000005;0.506;45.0
resnetv2_cevada_augmentation;3;Class 0;0.7514285714285714;0.6200000000000001;0.63;43.0
resnetv2_cevada_augmentation;3;Class 1;0.34142857142857147;0.5;0.34285714285714286;20.0
resnetv2_cevada_augmentation;3;Micro Avg;0.5414285714285715;0.5414285714285715;0.5414285714285715;63.0
resnetv2_cevada_augmentation;3;Macro Avg;0.5485714285714286;0.5599999999999999;0.48857142857142855;63.0
resnetv2_cevada_augmentation;3;weighted avg;0.6614285714285714;0.5414285714285715;0.5414285714285715;63.0
resnetv2_cevada_augmentation;4;Class 0;0.7188888888888889;0.618888888888889;0.6244444444444445;54.0
resnetv2_cevada_augmentation;4;Class 1;0.3655555555555556;0.4811111111111111;0.36;27.0
resnetv2_cevada_augmentation;4;Micro Avg;0.5444444444444445;0.5444444444444445;0.5444444444444445;81.0
resnetv2_cevada_augmentation;4;Macro Avg;0.5444444444444445;0.55;0.4933333333333334;81.0
resnetv2_cevada_augmentation;4;weighted avg;0.6366666666666666;0.5444444444444445;0.5422222222222223;81.0
resnetv2_cevada_augmentation;5;Class 0;0.714;0.5860000000000001;0.6020000000000001;61.0
resnetv2_cevada_augmentation;5;Class 1;0.346;0.483;0.349;29.0
resnetv2_cevada_augmentation;5;Micro Avg;0.523;0.523;0.523;90.0
resnetv2_cevada_augmentation;5;Macro Avg;0.532;0.534;0.47700000000000004;90.0
resnetv2_cevada_augmentation;5;weighted avg;0.6289999999999999;0.523;0.5250000000000001;90.0
resnetv2_mammoset;1;Class 0;0.04794520547945205;0.020958904109589043;0.028356164383561647;98.0
resnetv2_mammoset;1;Class 1;0.04794520547945205;0.030821917808219176;0.033013698630136985;76.0
resnetv2_mammoset;1;Class 2;0.19616438356164384;0.16876712328767124;0.16767123287671234;133.0
resnetv2_mammoset;1;Class 3;0.19219178082191785;0.3650684931506849;0.23589041095890403;125.0
resnetv2_mammoset;1;Micro Avg;0.17931506849315068;0.17931506849315068;0.17931506849315068;432.0
resnetv2_mammoset;1;Macro Avg;0.12109589041095888;0.14520547945205475;0.11547945205479454;432.0
resnetv2_mammoset;1;weighted avg;0.1763013698630137;0.17931506849315068;0.1578082191780822;432.0
resnetv2_mammoset;2;Class 0;0.04482758620689655;0.020896551724137933;0.027379310344827587;218.0
resnetv2_mammoset;2;Class 1;0.06206896551724138;0.05227586206896552;0.05117241379310345;172.0
resnetv2_mammoset;2;Class 2;0.20896551724137924;0.1782758620689655;0.17358620689655166;283.0
resnetv2_mammoset;2;Class 3;0.20489655172413784;0.4192413793103448;0.2577241379310343;263.0
resnetv2_mammoset;2;Micro Avg;0.1966206896551725;0.1966206896551725;0.1966206896551725;936.0
resnetv2_mammoset;2;Macro Avg;0.12993103448275858;0.16675862068965522;0.12641379310344822;936.0
resnetv2_mammoset;2;weighted avg;0.18689655172413788;0.1966206896551725;0.16841379310344834;936.0
resnetv2_mammoset;3;Class 0;0.055299539170506916;0.02428571428571429;0.03276497695852535;336.0
resnetv2_mammoset;3;Class 1;0.07142857142857142;0.055253456221198156;0.056497695852534564;293.0
resnetv2_mammoset;3;Class 2;0.21506912442396303;0.19732718894009213;0.18465437788018424;432.0
resnetv2_mammoset;3;Class 3;0.21437788018433174;0.42585253456221195;0.26511520737327166;403.0
resnetv2_mammoset;3;Micro Avg;0.20502304147465436;0.20502304147465436;0.20502304147465436;1464.0
resnetv2_mammoset;3;Macro Avg;0.1388479262672811;0.17502304147465436;0.13391705069124424;1464.0
resnetv2_mammoset;3;weighted avg;0.19894009216589856;0.20502304147465436;0.17783410138248854;1464.0
resnetv2_mammoset;4;Class 0;0.05650519031141868;0.028892733564013846;0.03581314878892734;443.0
resnetv2_mammoset;4;Class 1;0.05536332179930796;0.04494809688581315;0.044740484429065745;383.0
resnetv2_mammoset;4;Class 2;0.2200346020761245;0.19667820069204148;0.187024221453287;575.0
resnetv2_mammoset;4;Class 3;0.207439446366782;0.40854671280276816;0.2559515570934255;527.0
resnetv2_mammoset;4;Micro Avg;0.20179930795847742;0.20179930795847742;0.20179930795847742;1928.0
resnetv2_mammoset;4;Macro Avg;0.13446366782006922;0.16923875432525948;0.1300692041522491;1928.0
resnetv2_mammoset;4;weighted avg;0.1944982698961938;0.20179930795847742;0.17474048442906576;1928.0
resnetv2_mammoset;5;Class 0;0.049527777777777775;0.02966666666666667;0.03358333333333334;535.0
resnetv2_mammoset;5;Class 1;0.05416666666666667;0.043000000000000003;0.043055555555555555;481.0
resnetv2_mammoset;5;Class 2;0.22508333333333325;0.1960833333333333;0.18499999999999983;700.0
resnetv2_mammoset;5;Class 3;0.20855555555555563;0.415888888888889;0.2566944444444444;644.0
resnetv2_mammoset;5;Micro Avg;0.19811111111111102;0.19811111111111102;0.19811111111111102;2360.0
resnetv2_mammoset;5;Macro Avg;0.1339999999999999;0.17077777777777778;0.1288333333333333;2360.0
resnetv2_mammoset;5;weighted avg;0.1926666666666667;0.19811111111111102;0.17041666666666663;2360.0
resnetv2_mammoset_augmentation;1;Class 0;0.0;0.0;0.0;91.0
resnetv2_mammoset_augmentation;1;Class 1;0.0136986301369863;0.00452054794520548;0.00684931506849315;83.0
resnetv2_mammoset_augmentation;1;Class 2;0.16493150684931507;0.17835616438356164;0.15602739726027395;100.0
resnetv2_mammoset_augmentation;1;Class 3;0.13767123287671235;0.2623287671232877;0.166986301369863;94.0
resnetv2_mammoset_augmentation;1;Micro Avg;0.1315068493150685;0.1315068493150685;0.1315068493150685;368.0
resnetv2_mammoset_augmentation;1;Macro Avg;0.07863013698630139;0.1108219178082192;0.0821917808219178;368.0
resnetv2_mammoset_augmentation;1;weighted avg;0.11027397260273976;0.1315068493150685;0.10931506849315069;368.0
resnetv2_mammoset_augmentation;2;Class 0;0.0;0.0;0.0;196.0
resnetv2_mammoset_augmentation;2;Class 1;0.020689655172413793;0.009172413793103448;0.012689655172413793;186.0
resnetv2_mammoset_augmentation;2;Class 2;0.16882758620689642;0.17427586206896548;0.1479999999999999;213.0
resnetv2_mammoset_augmentation;2;Class 3;0.15965517241379307;0.3163448275862069;0.19710344827586201;213.0
resnetv2_mammoset_augmentation;2;Micro Avg;0.14593103448275868;0.14593103448275868;0.14593103448275868;808.0
resnetv2_mammoset_augmentation;2;Macro Avg;0.08703448275862069;0.12482758620689659;0.08903448275862066;808.0
resnetv2_mammoset_augmentation;2;weighted avg;0.12572413793103437;0.14593103448275868;0.12000000000000004;808.0
resnetv2_mammoset_augmentation;3;Class 0;0.004608294930875576;0.004608294930875576;0.004608294930875576;290.0
resnetv2_mammoset_augmentation;3;Class 1;0.013824884792626729;0.006129032258064516;0.00847926267281106;272.0
resnetv2_mammoset_augmentation;3;Class 2;0.1682488479262672;0.18778801843317966;0.1556221198156681;321.0
resnetv2_mammoset_augmentation;3;Class 3;0.17013824884792625;0.35852534562211985;0.21387096774193531;317.0
resnetv2_mammoset_augmentation;3;Micro Avg;0.1591244239631337;0.1591244239631337;0.1591244239631337;1200.0
resnetv2_mammoset_augmentation;3;Macro Avg;0.08894009216589865;0.13921658986175123;0.09520737327188941;1200.0
resnetv2_mammoset_augmentation;3;weighted avg;0.12562211981566815;0.1591244239631337;0.1257603686635945;1200.0
resnetv2_mammoset_augmentation;4;Class 0;0.0034602076124567475;0.0034602076124567475;0.0034602076124567475;382.0
resnetv2_mammoset_augmentation;4;Class 1;0.01384083044982699;0.0057439446366782014;0.008096885813148788;355.0
resnetv2_mammoset_augmentation;4;Class 2;0.15979238754325253;0.183356401384083;0.1504844290657438;423.0
resnetv2_mammoset_augmentation;4;Class 3;0.16598615916955017;0.3549480968858132;0.21062283737024198;424.0
resnetv2_mammoset_augmentation;4;Micro Avg;0.1561937716262976;0.1561937716262976;0.1561937716262976;1584.0
resnetv2_mammoset_augmentation;4;Macro Avg;0.08539792387543253;0.1368166089965398;0.09269896193771629;1584.0
resnetv2_mammoset_augmentation;4;weighted avg;0.11986159169550169;0.1561937716262976;0.12200692041522489;1584.0
resnetv2_mammoset_augmentation;5;Class 0;0.005555555555555556;0.0036944444444444446;0.004166666666666667;490.0
resnetv2_mammoset_augmentation;5;Class 1;0.016666666666666666;0.007944444444444445;0.010194444444444443;446.0
resnetv2_mammoset_augmentation;5;Class 2;0.1623055555555555;0.18691666666666656;0.15472222222222207;540.0
resnetv2_mammoset_augmentation;5;Class 3;0.17700000000000002;0.3753333333333334;0.22577777777777755;548.0
resnetv2_mammoset_augmentation;5;Micro Avg;0.1660277777777778;0.1660277777777778;0.1660277777777778;2024.0
resnetv2_mammoset_augmentation;5;Macro Avg;0.09033333333333338;0.14372222222222214;0.0985833333333334;2024.0
resnetv2_mammoset_augmentation;5;weighted avg;0.12688888888888888;0.1660277777777778;0.12980555555555556;2024.0
nasnet_larvae;1;Class 0;0.78125;0.743125;0.7531250000000002;50.0
nasnet_larvae;1;Class 1;0.9501869158878505;0.9612149532710281;0.9481308411214953;271.0
nasnet_larvae;1;Micro Avg;0.941121495327103;0.941121495327103;0.941121495327103;321.0
nasnet_larvae;1;Macro Avg;0.925981308411215;0.9227102803738316;0.918691588785047;321.0
nasnet_larvae;1;weighted avg;0.9607476635514017;0.941121495327103;0.9442990654205606;321.0
nasnet_larvae;2;Class 0;0.765625;0.7257291666666666;0.7378125000000001;95.0
nasnet_larvae;2;Class 1;0.9593896713615022;0.9681220657276992;0.9564788732394371;544.0
nasnet_larvae;2;Micro Avg;0.9456338028169009;0.9456338028169009;0.9456338028169009;639.0
nasnet_larvae;2;Macro Avg;0.9267605633802819;0.9219248826291083;0.9191549295774654;639.0
nasnet_larvae;2;weighted avg;0.9665727699530515;0.9456338028169009;0.9494835680751178;639.0
nasnet_larvae;3;Class 0;0.7411347517730497;0.6856028368794327;0.7034751773049647;140.0
nasnet_larvae;3;Class 1;0.9541379310344826;0.9704388714733542;0.9538871473354241;817.0
nasnet_larvae;3;Micro Avg;0.9409404388714733;0.9409404388714733;0.9409404388714733;957.0
nasnet_larvae;3;Macro Avg;0.9196865203761757;0.9153918495297807;0.91141065830721;957.0
nasnet_larvae;3;weighted avg;0.9628840125391847;0.9409404388714733;0.9441379310344833;957.0
nasnet_larvae;4;Class 0;0.7568306010928961;0.7058469945355192;0.7224043715846997;184.0
nasnet_larvae;4;Class 1;0.9581411764705882;0.9747058823529413;0.9585882352941186;1091.0
nasnet_larvae;4;Micro Avg;0.9463294117647062;0.9463294117647062;0.9463294117647062;1275.0
nasnet_larvae;4;Macro Avg;0.926564705882353;0.9237176470588235;0.9195294117647056;1275.0
nasnet_larvae;4;weighted avg;0.9648941176470586;0.9463294117647062;0.9485882352941182;1275.0
nasnet_larvae;5;Class 0;0.7609649122807017;0.7134649122807019;0.7289912280701755;228.0
nasnet_larvae;5;Class 1;0.959867924528302;0.9772264150943397;0.9611509433962275;1362.0
nasnet_larvae;5;Micro Avg;0.9488679245283025;0.9488679245283025;0.9488679245283025;1590.0
nasnet_larvae;5;Macro Avg;0.9283396226415093;0.926698113207547;0.922283018867924;1590.0
nasnet_larvae;5;weighted avg;0.9645471698113204;0.9488679245283025;0.9500754716981135;1590.0
nasnet_larvae_augmentation;1;Class 0;0.0;0.0;0.0;46.0
nasnet_larvae_augmentation;1;Class 1;0.8569999999999999;0.9964999999999999;0.91625;274.0
nasnet_larvae_augmentation;1;Micro Avg;0.8542499999999998;0.8542499999999998;0.8542499999999998;320.0
nasnet_larvae_augmentation;1;Macro Avg;0.58;0.64825;0.60925;320.0
nasnet_larvae_augmentation;1;weighted avg;0.7469999999999998;0.8542499999999998;0.7927500000000001;320.0
nasnet_larvae_augmentation;2;Class 0;0.0;0.0;0.0;98.0
nasnet_larvae_augmentation;2;Class 1;0.8459493670886078;0.9982278481012659;0.9102531645569624;534.0
nasnet_larvae_augmentation;2;Micro Avg;0.8445569620253166;0.8445569620253166;0.8445569620253166;632.0
nasnet_larvae_augmentation;2;Macro Avg;0.5510126582278483;0.6256962025316456;0.5829113924050631;632.0
nasnet_larvae_augmentation;2;weighted avg;0.7283544303797477;0.8445569620253166;0.7778481012658227;632.0
nasnet_larvae_augmentation;3;Class 0;0.0;0.0;0.0;156.0
nasnet_larvae_augmentation;3;Class 1;0.8359322033898301;0.9988135593220339;0.9032203389830518;788.0
nasnet_larvae_augmentation;3;Micro Avg;0.8349999999999996;0.8349999999999996;0.8349999999999996;944.0
nasnet_larvae_augmentation;3;Macro Avg;0.5336440677966102;0.613813559322034;0.5672033898305083;944.0
nasnet_larvae_augmentation;3;weighted avg;0.7142372881355937;0.8349999999999996;0.7650847457627111;944.0
nasnet_larvae_augmentation;4;Class 0;0.0;0.0;0.0;210.0
nasnet_larvae_augmentation;4;Class 1;0.8342038216560502;0.9991082802547772;0.9024840764331228;1046.0
nasnet_larvae_augmentation;4;Micro Avg;0.8335031847133751;0.8335031847133751;0.8335031847133751;1256.0
nasnet_larvae_augmentation;4;Macro Avg;0.5203184713375791;0.6014649681528663;0.5545222929936306;1256.0
nasnet_larvae_augmentation;4;weighted avg;0.7101273885350319;0.8335031847133751;0.7622292993630561;1256.0
nasnet_larvae_augmentation;5;Class 0;0.0;0.0;0.0;269.0
nasnet_larvae_augmentation;5;Class 1;0.8287692307692301;0.9992820512820514;0.8992820512820541;1291.0
nasnet_larvae_augmentation;5;Micro Avg;0.8282051282051276;0.8282051282051276;0.8282051282051276;1560.0
nasnet_larvae_augmentation;5;Macro Avg;0.5209230769230762;0.6047692307692308;0.5558974358974363;1560.0
nasnet_larvae_augmentation;5;weighted avg;0.7022564102564105;0.8282051282051276;0.7551282051282031;1560.0
nasnet_cevada;1;Class 0;0.71;0.8033333333333333;0.7533333333333333;16.0
nasnet_cevada;1;Class 1;0.38999999999999996;0.27666666666666667;0.3233333333333333;8.0
nasnet_cevada;1;Micro Avg;0.6633333333333334;0.6633333333333334;0.6633333333333334;24.0
nasnet_cevada;1;Macro Avg;0.5466666666666667;0.54;0.5366666666666666;24.0
nasnet_cevada;1;weighted avg;0.66;0.6633333333333334;0.6566666666666667;24.0
nasnet_cevada;2;Class 0;0.6739999999999999;0.842;0.744;25.0
nasnet_cevada;2;Class 1;0.534;0.28200000000000003;0.354;15.0
nasnet_cevada;2;Micro Avg;0.6460000000000001;0.6460000000000001;0.6460000000000001;40.0
nasnet_cevada;2;Macro Avg;0.6020000000000001;0.562;0.546;40.0
nasnet_cevada;2;weighted avg;0.674;0.6460000000000001;0.6260000000000001;40.0
nasnet_cevada;3;Class 0;0.6714285714285714;0.8871428571428571;0.76;35.0
nasnet_cevada;3;Class 1;0.5242857142857142;0.2485714285714286;0.3242857142857143;21.0
nasnet_cevada;3;Micro Avg;0.6571428571428573;0.6571428571428573;0.6571428571428573;56.0
nasnet_cevada;3;Macro Avg;0.5971428571428572;0.5685714285714286;0.5399999999999999;56.0
nasnet_cevada;3;weighted avg;0.6542857142857142;0.6571428571428573;0.6171428571428572;56.0
nasnet_cevada;4;Class 0;0.6333333333333333;0.9122222222222223;0.74;43.0
nasnet_cevada;4;Class 1;0.4077777777777778;0.19333333333333336;0.25222222222222224;29.0
nasnet_cevada;4;Micro Avg;0.6222222222222222;0.6222222222222222;0.6222222222222222;72.0
nasnet_cevada;4;Macro Avg;0.52;0.5533333333333333;0.4933333333333333;72.0
nasnet_cevada;4;weighted avg;0.5644444444444444;0.6222222222222222;0.5533333333333333;72.0
nasnet_cevada;5;Class 0;0.6449999999999999;0.921;0.752;49.0
nasnet_cevada;5;Class 1;0.367;0.17400000000000002;0.227;31.0
nasnet_cevada;5;Micro Avg;0.635;0.635;0.635;80.0
nasnet_cevada;5;Macro Avg;0.506;0.548;0.48699999999999993;80.0
nasnet_cevada;5;weighted avg;0.5640000000000001;0.635;0.562;80.0
nasnet_cevada_augmentation;1;Class 0;0.44333333333333336;0.5833333333333334;0.5;14.0
nasnet_cevada_augmentation;1;Class 1;0.0;0.0;0.0;10.0
nasnet_cevada_augmentation;1;Micro Avg;0.33666666666666667;0.33666666666666667;0.33666666666666667;24.0
nasnet_cevada_augmentation;1;Macro Avg;0.21999999999999997;0.2933333333333333;0.24666666666666667;24.0
nasnet_cevada_augmentation;1;weighted avg;0.25666666666666665;0.33666666666666667;0.2866666666666667;24.0
nasnet_cevada_augmentation;2;Class 0;0.508;0.666;0.5740000000000001;24.0
nasnet_cevada_augmentation;2;Class 1;0.1;0.05;0.66;16.0
nasnet_cevada_augmentation;2;Micro Avg;0.426;0.426;0.426;40.0
nasnet_cevada_augmentation;2;Macro Avg;0.304;0.36;0.31799999999999995;40.0
nasnet_cevada_augmentation;2;weighted avg;0.362;0.426;0.382;40.0
nasnet_cevada_augmentation;3;Class 0;0.4385714285714286;0.5757142857142857;0.48714285714285716;31.0
nasnet_cevada_augmentation;3;Class 1;0.19571428571428573;0.13000000000000003;0.1457142857142857;25.0
nasnet_cevada_augmentation;3;Micro Avg;0.39428571428571424;0.39428571428571424;0.39428571428571424;56.0
nasnet_cevada_augmentation;3;Macro Avg;0.31714285714285717;0.3557142857142857;0.3157142857142857;56.0
nasnet_cevada_augmentation;3;weighted avg;0.3771428571428571;0.39428571428571424;0.3657142857142857;56.0
nasnet_cevada_augmentation;4;Class 0;0.4722222222222222;0.5977777777777777;0.5144444444444445;40.0
nasnet_cevada_augmentation;4;Class 1;0.20777777777777778;0.17555555555555558;0.17666666666666664;32.0
nasnet_cevada_augmentation;4;Micro Avg;0.41777777777777775;0.41777777777777775;0.41777777777777775;72.0
nasnet_cevada_augmentation;4;Macro Avg;0.3388888888888889;0.38888888888888884;0.34444444444444444;72.0
nasnet_cevada_augmentation;4;weighted avg;0.38999999999999996;0.41777777777777775;0.3844444444444444;72.0
nasnet_cevada_augmentation;5;Class 0;0.475;0.613;0.5229999999999999;44.0
nasnet_cevada_augmentation;5;Class 1;0.23700000000000002;0.183;0.192;36.0
nasnet_cevada_augmentation;5;Micro Avg;0.426;0.426;0.426;80.0
nasnet_cevada_augmentation;5;Macro Avg;0.35500000000000004;0.39999999999999997;0.35700000000000004;80.0
nasnet_cevada_augmentation;5;weighted avg;0.40099999999999997;0.426;0.39299999999999996;80.0
nasnet_mammoset;1;Class 0;0.3356164383561644;0.2243835616438356;0.24794520547945206;138.0
nasnet_mammoset;1;Class 1;0.0958904109589041;0.049452054794520556;0.06027397260273973;109.0
nasnet_mammoset;1;Class 2;0.3341095890410958;0.37671232876712324;0.31876712328767115;170.0
nasnet_mammoset;1;Class 3;0.42808219178082196;0.6371232876712328;0.47534246575342487;151.0
nasnet_mammoset;1;Micro Avg;0.3921917808219178;0.3921917808219178;0.3921917808219178;568.0
nasnet_mammoset;1;Macro Avg;0.3242465753424657;0.3472602739726027;0.29835616438356155;568.0
nasnet_mammoset;1;weighted avg;0.43356164383561635;0.3921917808219178;0.37054794520547946;568.0
nasnet_mammoset;2;Class 0;0.2913793103448276;0.22496551724137925;0.23117241379310352;249.0
nasnet_mammoset;2;Class 1;0.07586206896551724;0.03889655172413793;0.04758620689655173;208.0
nasnet_mammoset;2;Class 2;0.34889655172413797;0.39068965517241383;0.3364827586206895;353.0
nasnet_mammoset;2;Class 3;0.44034482758620697;0.619448275862069;0.4784137931034484;318.0
nasnet_mammoset;2;Micro Avg;0.39572413793103445;0.39572413793103445;0.39572413793103445;1128.0
nasnet_mammoset;2;Macro Avg;0.312896551724138;0.34268965517241384;0.29482758620689664;1128.0
nasnet_mammoset;2;weighted avg;0.4232413793103448;0.39572413793103445;0.3729655172413794;1128.0
nasnet_mammoset;3;Class 0;0.3159907834101382;0.2609216589861751;0.2616589861751153;376.0
nasnet_mammoset;3;Class 1;0.08294930875576037;0.047465437788018434;0.05640552995391705;315.0
nasnet_mammoset;3;Class 2;0.35000000000000003;0.4012903225806452;0.34331797235023015;525.0
nasnet_mammoset;3;Class 3;0.45847926267281125;0.6297235023041475;0.4944700460829495;488.0
nasnet_mammoset;3;Micro Avg;0.4062672811059908;0.4062672811059908;0.4062672811059908;1704.0
nasnet_mammoset;3;Macro Avg;0.32493087557603684;0.3588018433179725;0.31036866359447013;1704.0
nasnet_mammoset;3;weighted avg;0.423179723502304;0.4062672811059908;0.38073732718894027;1704.0
nasnet_mammoset;4;Class 0;0.2963667820069204;0.23588235294117638;0.24055363321799317;497.0
nasnet_mammoset;4;Class 1;0.08245674740484428;0.046851211072664364;0.054948096885813154;426.0
nasnet_mammoset;4;Class 2;0.346401384083045;0.4053979238754325;0.3434948096885812;691.0
nasnet_mammoset;4;Class 3;0.45840830449826997;0.6372318339100342;0.4983391003460209;658.0
nasnet_mammoset;4;Micro Avg;0.4029065743944636;0.4029065743944636;0.4029065743944636;2272.0
nasnet_mammoset;4;Macro Avg;0.31840830449826996;0.3547750865051904;0.30501730103806235;2272.0
nasnet_mammoset;4;weighted avg;0.4164359861591696;0.4029065743944636;0.37615916955017314;2272.0
nasnet_mammoset;5;Class 0;0.3138611111111111;0.2590277777777777;0.2586666666666668;619.0
nasnet_mammoset;5;Class 1;0.08008333333333333;0.04477777777777778;0.05311111111111112;537.0
nasnet_mammoset;5;Class 2;0.3551388888888889;0.4173055555555556;0.352638888888889;862.0
nasnet_mammoset;5;Class 3;0.45152777777777797;0.6219166666666663;0.4902500000000002;822.0
nasnet_mammoset;5;Micro Avg;0.40347222222222207;0.40347222222222207;0.40347222222222207;2840.0
nasnet_mammoset;5;Macro Avg;0.3226666666666667;0.3587222222222223;0.3092777777777777;2840.0
nasnet_mammoset;5;weighted avg;0.4166388888888888;0.40347222222222207;0.3764166666666666;2840.0
nasnet_mammoset_augmentation;1;Class 0;0.28986301369863016;0.2078082191780822;0.2208219178082192;117.0
nasnet_mammoset_augmentation;1;Class 1;0.26123287671232875;0.2317808219178082;0.21958904109589042;119.0
nasnet_mammoset_augmentation;1;Class 2;0.49616438356164383;0.44684931506849324;0.42589041095890423;155.0
nasnet_mammoset_augmentation;1;Class 3;0.476027397260274;0.5506849315068494;0.4706849315068494;161.0
nasnet_mammoset_augmentation;1;Micro Avg;0.40589041095890416;0.40589041095890416;0.40589041095890416;552.0
nasnet_mammoset_augmentation;1;Macro Avg;0.38082191780821917;0.3595890410958903;0.3339726027397259;552.0
nasnet_mammoset_augmentation;1;weighted avg;0.5206849315068491;0.40589041095890416;0.416027397260274;552.0
nasnet_mammoset_augmentation;2;Class 0;0.33793103448275863;0.2360689655172413;0.2539310344827587;244.0
nasnet_mammoset_augmentation;2;Class 1;0.2642068965517241;0.22889655172413786;0.2213793103448276;220.0
nasnet_mammoset_augmentation;2;Class 2;0.5049655172413794;0.4833793103448276;0.454;326.0
nasnet_mammoset_augmentation;2;Class 3;0.4662068965517241;0.5700689655172414;0.4773793103448275;306.0
nasnet_mammoset_augmentation;2;Micro Avg;0.42834482758620684;0.42834482758620684;0.42834482758620684;1096.0
nasnet_mammoset_augmentation;2;Macro Avg;0.39331034482758626;0.37993103448275867;0.351241379310345;1096.0
nasnet_mammoset_augmentation;2;weighted avg;0.5275172413793102;0.42834482758620684;0.43434482758620685;1096.0
nasnet_mammoset_augmentation;3;Class 0;0.33410138248847926;0.2434562211981566;0.2591705069124425;379.0
nasnet_mammoset_augmentation;3;Class 1;0.23949308755760365;0.23124423963133633;0.21115207373271885;310.0
nasnet_mammoset_augmentation;3;Class 2;0.5147004608294932;0.4797695852534563;0.45364055299539174;496.0
nasnet_mammoset_augmentation;3;Class 3;0.46599078341013833;0.5804147465437788;0.47926267281106;447.0
nasnet_mammoset_augmentation;3;Micro Avg;0.42529953917050667;0.42529953917050667;0.42529953917050667;1632.0
nasnet_mammoset_augmentation;3;Macro Avg;0.38838709677419353;0.3837788018433179;0.35041474654377885;1632.0
nasnet_mammoset_augmentation;3;weighted avg;0.5183870967741935;0.42529953917050667;0.4284792626728113;1632.0
nasnet_mammoset_augmentation;4;Class 0;0.31027681660899653;0.22318339100346016;0.23868512110726656;522.0
nasnet_mammoset_augmentation;4;Class 1;0.2365743944636678;0.23636678200692027;0.21266435986159168;410.0
nasnet_mammoset_augmentation;4;Class 2;0.5078200692041521;0.46719723183391;0.4442214532871973;658.0
nasnet_mammoset_augmentation;4;Class 3;0.4471626297577854;0.571349480968858;0.46678200692041544;570.0
nasnet_mammoset_augmentation;4;Micro Avg;0.41560553633217956;0.41560553633217956;0.41560553633217956;2160.0
nasnet_mammoset_augmentation;4;Macro Avg;0.3755017301038063;0.3747404844290657;0.34041522491349485;2160.0
nasnet_mammoset_augmentation;4;weighted avg;0.4998615916955014;0.41560553633217956;0.4156747404844294;2160.0
nasnet_mammoset_augmentation;5;Class 0;0.3125;0.22447222222222218;0.23861111111111127;655.0
nasnet_mammoset_augmentation;5;Class 1;0.2296944444444444;0.2307777777777777;0.2071388888888889;514.0
nasnet_mammoset_augmentation;5;Class 2;0.4976388888888889;0.4480277777777779;0.42966666666666653;811.0
nasnet_mammoset_augmentation;5;Class 3;0.43349999999999994;0.5712777777777773;0.45883333333333326;708.0
nasnet_mammoset_augmentation;5;Micro Avg;0.4094166666666663;0.4094166666666663;0.4094166666666663;2688.0
nasnet_mammoset_augmentation;5;Macro Avg;0.36861111111111106;0.3689722222222223;0.3334722222222222;2688.0
nasnet_mammoset_augmentation;5;weighted avg;0.4924166666666663;0.4094166666666663;0.4085000000000003;2688.0
inceptionv3_larvae_param_Alto;1;Class 0;0.5384615384615384;0.3203846153846154;0.38115384615384623;52.0
inceptionv3_larvae_param_Alto;1;Class 1;0.8846874999999998;1.0;0.9359374999999999;268.0
inceptionv3_larvae_param_Alto;1;Micro Avg;0.8906249999999998;0.8906249999999998;0.8906249999999998;320.0
inceptionv3_larvae_param_Alto;1;Macro Avg;0.7540624999999999;0.7237499999999999;0.7146874999999999;320.0
inceptionv3_larvae_param_Alto;1;weighted avg;0.8559374999999998;0.8906249999999998;0.8556250000000004;320.0
inceptionv3_larvae_param_Alto;2;Class 0;0.5;0.3262962962962963;0.3753703703703704;112.0
inceptionv3_larvae_param_Alto;2;Class 1;0.875079365079365;1.0;0.9303174603174607;518.0
inceptionv3_larvae_param_Alto;2;Micro Avg;0.8809523809523804;0.8809523809523804;0.8809523809523804;630.0
inceptionv3_larvae_param_Alto;2;Macro Avg;0.722857142857143;0.7114285714285714;0.6955555555555551;630.0
inceptionv3_larvae_param_Alto;2;weighted avg;0.831428571428572;0.8809523809523804;0.8403174603174605;630.0
inceptionv3_larvae_param_Alto;3;Class 0;0.5121951219512195;0.34378048780487797;0.3919512195121952;170.0
inceptionv3_larvae_param_Alto;3;Class 1;0.87531914893617;1.0;0.9305319148936172;770.0
inceptionv3_larvae_param_Alto;3;Micro Avg;0.8808510638297867;0.8808510638297867;0.8808510638297867;940.0
inceptionv3_larvae_param_Alto;3;Macro Avg;0.724468085106383;0.7141489361702129;0.6979787234042546;940.0
inceptionv3_larvae_param_Alto;3;weighted avg;0.8292553191489365;0.8808510638297867;0.8398936170212763;940.0
inceptionv3_larvae_param_Alto;4;Class 0;0.5188679245283019;0.3334905660377358;0.3860377358490567;223.0
inceptionv3_larvae_param_Alto;4;Class 1;0.8735999999999999;1.0;0.9293599999999999;1027.0
inceptionv3_larvae_param_Alto;4;Micro Avg;0.8791999999999999;0.8791999999999999;0.8791999999999999;1250.0
inceptionv3_larvae_param_Alto;4;Macro Avg;0.7322400000000002;0.7176800000000002;0.7023199999999991;1250.0
inceptionv3_larvae_param_Alto;4;weighted avg;0.8296000000000001;0.8791999999999999;0.8383199999999995;1250.0
inceptionv3_larvae_param_Alto;5;Class 0;0.5333333333333333;0.34822222222222216;0.40207407407407425;279.0
inceptionv3_larvae_param_Alto;5;Class 1;0.875;1.0;0.9303846153846146;1281.0
inceptionv3_larvae_param_Alto;5;Micro Avg;0.880769230769231;0.880769230769231;0.880769230769231;1560.0
inceptionv3_larvae_param_Alto;5;Macro Avg;0.7350000000000003;0.7182692307692309;0.7042307692307682;1560.0
inceptionv3_larvae_param_Alto;5;weighted avg;0.8317307692307693;0.880769230769231;0.84076923076923;1560.0
inceptionv3_larvae_param_Alto;6;Class 0;0.546583850931677;0.3483229813664595;0.40552795031055916;334.0
inceptionv3_larvae_param_Alto;6;Class 1;0.8758288770053477;1.0;0.9310160427807472;1536.0
inceptionv3_larvae_param_Alto;6;Micro Avg;0.881818181818183;0.881818181818183;0.881818181818183;1870.0
inceptionv3_larvae_param_Alto;6;Macro Avg;0.7421390374331553;0.7197860962566847;0.707433155080213;1870.0
inceptionv3_larvae_param_Alto;6;weighted avg;0.8363101604278073;0.881818181818183;0.8428342245989292;1870.0
inceptionv3_larvae_param_Alto;7;Class 0;0.5585106382978723;0.35632978723404246;0.4149468085106385;384.0
inceptionv3_larvae_param_Alto;7;Class 1;0.8780275229357798;1.0;0.9322477064220166;1796.0
inceptionv3_larvae_param_Alto;7;Micro Avg;0.8839449541284419;0.8839449541284419;0.8839449541284419;2180.0
inceptionv3_larvae_param_Alto;7;Macro Avg;0.7479816513761467;0.7227522935779817;0.7116513761467884;2180.0
inceptionv3_larvae_param_Alto;7;weighted avg;0.84045871559633;0.8839449541284419;0.8460550458715578;2180.0
inceptionv3_larvae_param_Alto;8;Class 0;0.5566037735849056;0.35485849056603763;0.412735849056604;435.0
inceptionv3_larvae_param_Alto;8;Class 1;0.8781048387096777;1.0;0.9321370967741914;2045.0
inceptionv3_larvae_param_Alto;8;Micro Avg;0.884274193548389;0.884274193548389;0.884274193548389;2480.0
inceptionv3_larvae_param_Alto;8;Macro Avg;0.7489516129032253;0.7245967741935482;0.7128629032258057;2480.0
inceptionv3_larvae_param_Alto;8;weighted avg;0.8424999999999997;0.884274193548389;0.8467338709677401;2480.0
inceptionv3_cevada_param_Alto;1;Class 0;0.0;0.0;0.0;10.0
inceptionv3_cevada_param_Alto;1;Class 1;0.44;0.8;0.57;10.0
inceptionv3_cevada_param_Alto;1;Micro Avg;0.4;0.4;0.4;20.0
inceptionv3_cevada_param_Alto;1;Macro Avg;0.22;0.4;0.29;20.0
inceptionv3_cevada_param_Alto;1;weighted avg;0.22;0.4;0.29;20.0
inceptionv3_cevada_param_Alto;2;Class 0;0.375;0.07750000000000001;0.1275;23.0
inceptionv3_cevada_param_Alto;2;Class 1;0.3925;0.8175;0.5299999999999999;17.0
inceptionv3_cevada_param_Alto;2;Micro Avg;0.4;0.4;0.4;40.0
inceptionv3_cevada_param_Alto;2;Macro Avg;0.385;0.44499999999999995;0.33;40.0
inceptionv3_cevada_param_Alto;2;weighted avg;0.41;0.4;0.315;40.0
inceptionv3_cevada_param_Alto;3;Class 0;0.2916666666666667;0.10666666666666669;0.13333333333333333;32.0
inceptionv3_cevada_param_Alto;3;Class 1;0.44;0.8066666666666666;0.5516666666666666;28.0
inceptionv3_cevada_param_Alto;3;Micro Avg;0.4166666666666667;0.4166666666666667;0.4166666666666667;60.0
inceptionv3_cevada_param_Alto;3;Macro Avg;0.3666666666666667;0.455;0.3433333333333333;60.0
inceptionv3_cevada_param_Alto;3;weighted avg;0.38999999999999996;0.4166666666666667;0.335;60.0
inceptionv3_cevada_param_Alto;4;Class 0;0.21875;0.08000000000000002;0.1;39.0
inceptionv3_cevada_param_Alto;4;Class 1;0.48375;0.81625;0.5912499999999999;41.0
inceptionv3_cevada_param_Alto;4;Micro Avg;0.45;0.45;0.45;80.0
inceptionv3_cevada_param_Alto;4;Macro Avg;0.35125000000000006;0.4475;0.34625;80.0
inceptionv3_cevada_param_Alto;4;weighted avg;0.39249999999999996;0.45;0.3675;80.0
inceptionv3_cevada_param_Alto;5;Class 0;0.225;0.08100000000000002;0.10500000000000001;51.0
inceptionv3_cevada_param_Alto;5;Class 1;0.465;0.8280000000000001;0.58;49.0
inceptionv3_cevada_param_Alto;5;Micro Avg;0.44000000000000006;0.44000000000000006;0.44000000000000006;100.0
inceptionv3_cevada_param_Alto;5;Macro Avg;0.3450000000000001;0.454;0.344;100.0
inceptionv3_cevada_param_Alto;5;weighted avg;0.375;0.44000000000000006;0.352;100.0
inceptionv3_cevada_param_Alto;6;Class 0;0.1875;0.06750000000000002;0.08750000000000001;60.0
inceptionv3_cevada_param_Alto;6;Class 1;0.46666666666666673;0.8116666666666669;0.5775;60.0
inceptionv3_cevada_param_Alto;6;Micro Avg;0.43333333333333335;0.43333333333333335;0.43333333333333335;120.0
inceptionv3_cevada_param_Alto;6;Macro Avg;0.32750000000000007;0.44;0.3333333333333333;120.0
inceptionv3_cevada_param_Alto;6;weighted avg;0.36000000000000004;0.43333333333333335;0.3475;120.0
inceptionv3_cevada_param_Alto;7;Class 0;0.16071428571428573;0.05785714285714287;0.75;74.0
inceptionv3_cevada_param_Alto;7;Class 1;0.4428571428571429;0.8385714285714287;0.5607142857142857;66.0
inceptionv3_cevada_param_Alto;7;Micro Avg;0.41428571428571426;0.41428571428571426;0.41428571428571426;140.0
inceptionv3_cevada_param_Alto;7;Macro Avg;0.3021428571428572;0.44857142857142857;0.3185714285714286;140.0
inceptionv3_cevada_param_Alto;7;weighted avg;0.32142857142857145;0.41428571428571426;0.3178571428571428;140.0
inceptionv3_cevada_param_Alto;8;Class 0;0.21666666666666667;0.06333333333333334;0.08666666666666667;81.0
inceptionv3_cevada_param_Alto;8;Class 1;0.43533333333333335;0.8493333333333335;0.5566666666666666;69.0
inceptionv3_cevada_param_Alto;8;Micro Avg;0.41333333333333333;0.41333333333333333;0.41333333333333333;150.0
inceptionv3_cevada_param_Alto;8;Macro Avg;0.32666666666666677;0.4566666666666667;0.3226666666666667;150.0
inceptionv3_cevada_param_Alto;8;weighted avg;0.35333333333333333;0.41333333333333333;0.3186666666666666;150.0
inceptionv3_mammoset_param_Alto;1;Class 0;0.36775862068965515;0.24086206896551723;0.26689655172413795;115.0
inceptionv3_mammoset_param_Alto;1;Class 1;0.33810344827586214;0.34448275862068967;0.32465517241379316;117.0
inceptionv3_mammoset_param_Alto;1;Class 2;0.5243103448275863;0.6368965517241378;0.5472413793103451;142.0
inceptionv3_mammoset_param_Alto;1;Class 3;0.463103448275862;0.5877586206896552;0.4846551724137932;146.0
inceptionv3_mammoset_param_Alto;1;Micro Avg;0.4793103448275863;0.4793103448275863;0.4793103448275863;520.0
inceptionv3_mammoset_param_Alto;1;Macro Avg;0.42344827586206885;0.4524137931034483;0.405344827586207;520.0
inceptionv3_mammoset_param_Alto;1;weighted avg;0.5091379310344828;0.4793103448275863;0.4606896551724137;520.0
inceptionv3_mammoset_param_Alto;2;Class 0;0.31026086956521737;0.23791304347826073;0.24556521739130435;234.0
inceptionv3_mammoset_param_Alto;2;Class 1;0.3745217391304348;0.39365217391304347;0.3606956521739131;221.0
inceptionv3_mammoset_param_Alto;2;Class 2;0.5287826086956522;0.6200000000000001;0.5453913043478261;289.0
inceptionv3_mammoset_param_Alto;2;Class 3;0.4505217391304348;0.5652173913043478;0.4746956521739131;276.0
inceptionv3_mammoset_param_Alto;2;Micro Avg;0.48260869565217396;0.48260869565217396;0.48260869565217396;1020.0
inceptionv3_mammoset_param_Alto;2;Macro Avg;0.4159130434782608;0.4540869565217389;0.4061739130434783;1020.0
inceptionv3_mammoset_param_Alto;2;weighted avg;0.5018260869565216;0.48260869565217396;0.46304347826086967;1020.0
inceptionv3_mammoset_param_Alto;3;Class 0;0.3111046511627907;0.22825581395348832;0.24168604651162787;353.0
inceptionv3_mammoset_param_Alto;3;Class 1;0.3994186046511628;0.41354651162790684;0.3776744186046511;352.0
inceptionv3_mammoset_param_Alto;3;Class 2;0.5426162790697674;0.6253488372093023;0.5555813953488371;440.0
inceptionv3_mammoset_param_Alto;3;Class 3;0.43784883720930223;0.5677325581395348;0.468546511627907;405.0
inceptionv3_mammoset_param_Alto;3;Micro Avg;0.4895348837209302;0.4895348837209302;0.4895348837209302;1550.0
inceptionv3_mammoset_param_Alto;3;Macro Avg;0.4226162790697676;0.45895348837209293;0.41034883720930215;1550.0
inceptionv3_mammoset_param_Alto;3;weighted avg;0.5124418604651164;0.4895348837209302;0.4716279069767443;1550.0
inceptionv3_mammoset_param_Alto;4;Class 0;0.3108296943231441;0.22270742358078596;0.23947598253275104;461.0
inceptionv3_mammoset_param_Alto;4;Class 1;0.41524017467248914;0.40253275109170294;0.37890829694323136;468.0
inceptionv3_mammoset_param_Alto;4;Class 2;0.5424890829694321;0.6103930131004367;0.5473799126637555;599.0
inceptionv3_mammoset_param_Alto;4;Class 3;0.43851528384279476;0.5739737991266376;0.47179039301310055;542.0
inceptionv3_mammoset_param_Alto;4;Micro Avg;0.4934497816593885;0.4934497816593885;0.4934497816593885;2070.0
inceptionv3_mammoset_param_Alto;4;Macro Avg;0.42746724890829707;0.4533187772925764;0.4096069868995629;2070.0
inceptionv3_mammoset_param_Alto;4;weighted avg;0.5223144104803494;0.4934497816593885;0.47742358078602626;2070.0
inceptionv3_mammoset_param_Alto;5;Class 0;0.3217482517482518;0.22867132867132858;0.24692307692307683;584.0
inceptionv3_mammoset_param_Alto;5;Class 1;0.4134965034965036;0.39499999999999996;0.37307692307692314;580.0
inceptionv3_mammoset_param_Alto;5;Class 2;0.5575524475524474;0.6340909090909089;0.5646853146853144;771.0
inceptionv3_mammoset_param_Alto;5;Class 3;0.4601048951048951;0.5878321678321676;0.48664335664335645;685.0
inceptionv3_mammoset_param_Alto;5;Micro Avg;0.5034965034965031;0.5034965034965031;0.5034965034965031;2620.0
inceptionv3_mammoset_param_Alto;5;Macro Avg;0.43867132867132885;0.4620279720279721;0.41793706293706256;2620.0
inceptionv3_mammoset_param_Alto;5;weighted avg;0.5375174825174825;0.5034965034965031;0.4879370629370629;2620.0
inceptionv3_mammoset_param_Alto;6;Class 0;0.3209912536443149;0.22434402332361514;0.24419825072886295;706.0
inceptionv3_mammoset_param_Alto;6;Class 1;0.4103790087463558;0.39778425655976674;0.3729154518950438;688.0
inceptionv3_mammoset_param_Alto;6;Class 2;0.5528279883381924;0.6265597667638482;0.5593002915451892;930.0
inceptionv3_mammoset_param_Alto;6;Class 3;0.4718367346938777;0.58667638483965;0.4930903790087457;846.0
inceptionv3_mammoset_param_Alto;6;Micro Avg;0.5055393586005827;0.5055393586005827;0.5055393586005827;3170.0
inceptionv3_mammoset_param_Alto;6;Macro Avg;0.439387755102041;0.4593294460641399;0.41743440233236123;3170.0
inceptionv3_mammoset_param_Alto;6;weighted avg;0.5402915451895047;0.5055393586005827;0.49040816326530606;3170.0
inceptionv3_mammoset_param_Alto;7;Class 0;0.32669999999999993;0.22814999999999996;0.24762500000000004;829.0
inceptionv3_mammoset_param_Alto;7;Class 1;0.40797500000000014;0.39397499999999996;0.3691249999999998;791.0
inceptionv3_mammoset_param_Alto;7;Class 2;0.5513499999999997;0.6213499999999995;0.5554749999999993;1083.0
inceptionv3_mammoset_param_Alto;7;Class 3;0.46480000000000027;0.5783499999999997;0.4862249999999993;977.0
inceptionv3_mammoset_param_Alto;7;Micro Avg;0.5017499999999996;0.5017499999999996;0.5017499999999996;3680.0
inceptionv3_mammoset_param_Alto;7;Macro Avg;0.43855000000000016;0.4564499999999996;0.4151999999999997;3680.0
inceptionv3_mammoset_param_Alto;7;weighted avg;0.5401250000000002;0.5017499999999996;0.4875499999999998;3680.0
inceptionv3_mammoset_param_Alto;8;Class 0;0.3271710526315788;0.23116228070175437;0.2498026315789474;943.0
inceptionv3_mammoset_param_Alto;8;Class 1;0.4005263157894738;0.3896271929824561;0.36166666666666625;888.0
inceptionv3_mammoset_param_Alto;8;Class 2;0.5549999999999996;0.6238157894736842;0.5592105263157887;1252.0
inceptionv3_mammoset_param_Alto;8;Class 3;0.4734868421052634;0.5883114035087716;0.4946929824561397;1127.0
inceptionv3_mammoset_param_Alto;8;Micro Avg;0.503728070175438;0.503728070175438;0.503728070175438;4210.0
inceptionv3_mammoset_param_Alto;8;Macro Avg;0.4397587719298246;0.45907894736842064;0.4168859649122805;4210.0
inceptionv3_mammoset_param_Alto;8;weighted avg;0.5416008771929827;0.503728070175438;0.48901315789473665;4210.0
resnetv2_larvae_param_Low;1;Class 0;0.0;0.0;0.0;60.0
resnetv2_larvae_param_Low;1;Class 1;0.8142990654205612;1.0;0.8813084112149524;261.0
resnetv2_larvae_param_Low;1;Micro Avg;0.8142990654205612;0.8142990654205612;0.8142990654205612;321.0
resnetv2_larvae_param_Low;1;Macro Avg;0.6576635514018687;0.7523364485981309;0.6929906542056077;321.0
resnetv2_larvae_param_Low;1;weighted avg;0.701028037383177;0.8142990654205612;0.7436448598130846;321.0
resnetv2_larvae_param_Low;2;Class 0;0.0;0.0;0.0;109.0
resnetv2_larvae_param_Low;2;Class 1;0.83037558685446;1.0;0.8901408450704229;530.0
resnetv2_larvae_param_Low;2;Micro Avg;0.83037558685446;0.83037558685446;0.83037558685446;639.0
resnetv2_larvae_param_Low;2;Macro Avg;0.695446009389671;0.7816901408450704;0.7267605633802827;639.0
resnetv2_larvae_param_Low;2;weighted avg;0.7307042253521122;0.83037558685446;0.7677464788732397;639.0
resnetv2_larvae_param_Low;3;Class 0;0.0;0.0;0.0;163.0
resnetv2_larvae_param_Low;3;Class 1;0.8300314465408798;1.0;0.8893081761006304;791.0
resnetv2_larvae_param_Low;3;Micro Avg;0.8300314465408798;0.8300314465408798;0.8300314465408798;954.0
resnetv2_larvae_param_Low;3;Macro Avg;0.698270440251573;0.7845911949685535;0.7292452830188692;954.0
resnetv2_larvae_param_Low;3;weighted avg;0.7317610062893081;0.8300314465408798;0.7680817610062892;954.0
resnetv2_larvae_param_High;1;Class 0;0.0;0.0;0.0;52.0
resnetv2_larvae_param_High;1;Class 1;0.8374999999999999;1.0;0.9099999999999999;268.0
resnetv2_larvae_param_High;1;Micro Avg;0.8374999999999999;0.8374999999999999;0.8374999999999999;320.0
resnetv2_larvae_param_High;1;Macro Avg;0.4499999999999999;0.53125;0.48187500000000005;320.0
resnetv2_larvae_param_High;1;weighted avg;0.71;0.8374999999999999;0.7650000000000002;320.0
resnetv2_larvae_param_High;2;Class 0;0.0;0.0;0.0;103.0
resnetv2_larvae_param_High;2;Class 1;0.836507936507936;1.0;0.9087301587301592;527.0
resnetv2_larvae_param_High;2;Micro Avg;0.836507936507936;0.836507936507936;0.836507936507936;630.0
resnetv2_larvae_param_High;2;Macro Avg;0.4658730158730156;0.5476190476190477;0.497936507936508;630.0
resnetv2_larvae_param_High;2;weighted avg;0.7096825396825398;0.836507936507936;0.7642857142857147;630.0
resnetv2_larvae_param_High;3;Class 0;0.0;0.0;0.0;161.0
resnetv2_larvae_param_High;3;Class 1;0.8287234042553189;1.0;0.9038297872340426;779.0
resnetv2_larvae_param_High;3;Micro Avg;0.8287234042553189;0.8287234042553189;0.8287234042553189;940.0
resnetv2_larvae_param_High;3;Macro Avg;0.4622340425531914;0.5478723404255319;0.4960638297872334;940.0
resnetv2_larvae_param_High;3;weighted avg;0.696489361702128;0.8287234042553189;0.7536170212765956;940.0
resnetv2_larvae_param_High;4;Class 0;0.0;0.0;0.0;207.0
resnetv2_larvae_param_High;4;Class 1;0.8343999999999998;1.0;0.9072800000000002;1043.0
resnetv2_larvae_param_High;4;Micro Avg;0.8343999999999998;0.8343999999999998;0.8343999999999998;1250.0
resnetv2_larvae_param_High;4;Macro Avg;0.47719999999999996;0.56;0.5099199999999992;1250.0
resnetv2_larvae_param_High;4;weighted avg;0.7060000000000004;0.8343999999999998;0.7615199999999989;1250.0
resnetv2_larvae_param_High;5;Class 0;0.0;0.0;0.0;264.0
resnetv2_larvae_param_High;5;Class 1;0.8307692307692307;1.0;0.9046153846153839;1296.0
resnetv2_larvae_param_High;5;Micro Avg;0.8307692307692307;0.8307692307692307;0.8307692307692307;1560.0
resnetv2_larvae_param_High;5;Macro Avg;0.47948717948717967;0.5641025641025641;0.5128846153846144;1560.0
resnetv2_larvae_param_High;5;weighted avg;0.7008974358974361;0.8307692307692307;0.7569230769230754;1560.0
resnetv2_larvae_param_High;6;Class 0;0.0;0.0;0.0;317.0
resnetv2_larvae_param_High;6;Class 1;0.8304812834224604;1.0;0.9041176470588215;1553.0
resnetv2_larvae_param_High;6;Micro Avg;0.8304812834224604;0.8304812834224604;0.8304812834224604;1870.0
resnetv2_larvae_param_High;6;Macro Avg;0.4820855614973266;0.5668449197860963;0.5153475935828867;1870.0
resnetv2_larvae_param_High;6;weighted avg;0.7014438502673799;0.8304812834224604;0.7568449197860947;1870.0
resnetv2_larvae_param_High;7;Class 0;0.0;0.0;0.0;365.0
resnetv2_larvae_param_High;7;Class 1;0.8325688073394505;1.0;0.9054128440366942;1815.0
resnetv2_larvae_param_High;7;Micro Avg;0.8325688073394505;0.8325688073394505;0.8325688073394505;2180.0
resnetv2_larvae_param_High;7;Macro Avg;0.4850917431192666;0.5688073394495413;0.5179816513761457;2180.0
resnetv2_larvae_param_High;7;weighted avg;0.7048165137614679;0.8325688073394505;0.7597247706422008;2180.0
resnetv2_larvae_param_High;8;Class 0;0.0;0.0;0.0;415.0
resnetv2_larvae_param_High;8;Class 1;0.8326612903225816;1.0;0.9053629032258027;2065.0
resnetv2_larvae_param_High;8;Micro Avg;0.8326612903225816;0.8326612903225816;0.8326612903225816;2480.0
resnetv2_larvae_param_High;8;Macro Avg;0.48487903225806517;0.5685483870967742;0.5177419354838698;2480.0
resnetv2_larvae_param_High;8;weighted avg;0.7052016129032259;0.8326612903225816;0.7599596774193542;2480.0
resnetv2_cevada_param_Alto;1;Class 0;0.6;1.0;0.7366666666666667;18.0
resnetv2_cevada_param_Alto;1;Class 1;0.0;0.0;0.0;12.0
resnetv2_cevada_param_Alto;1;Micro Avg;0.6;0.6;0.6;30.0
resnetv2_cevada_param_Alto;1;Macro Avg;0.3;0.5;0.36666666666666664;30.0
resnetv2_cevada_param_Alto;1;weighted avg;0.3866666666666667;0.6;0.4633333333333334;30.0
resnetv2_cevada_param_Alto;2;Class 0;0.6;1.0;0.734;30.0
resnetv2_cevada_param_Alto;2;Class 1;0.0;0.0;0.0;20.0
resnetv2_cevada_param_Alto;2;Micro Avg;0.6;0.6;0.6;50.0
resnetv2_cevada_param_Alto;2;Macro Avg;0.3;0.5;0.366;50.0
resnetv2_cevada_param_Alto;2;weighted avg;0.392;0.6;0.466;50.0
resnetv2_cevada_param_Alto;3;Class 0;0.6142857142857142;1.0;0.7485714285714286;43.0
resnetv2_cevada_param_Alto;3;Class 1;0.0;0.0;0.0;27.0
resnetv2_cevada_param_Alto;3;Micro Avg;0.6142857142857142;0.6142857142857142;0.6142857142857142;70.0
resnetv2_cevada_param_Alto;3;Macro Avg;0.3071428571428571;0.5;0.37285714285714283;70.0
resnetv2_cevada_param_Alto;3;weighted avg;0.40142857142857136;0.6142857142857142;0.48000000000000004;70.0
resnetv2_cevada_param_Alto;4;Class 0;0.6;1.0;0.74;54.0
resnetv2_cevada_param_Alto;4;Class 1;0.0;0.0;0.0;36.0
resnetv2_cevada_param_Alto;4;Micro Avg;0.6;0.6;0.6;90.0
resnetv2_cevada_param_Alto;4;Macro Avg;0.3;0.5;0.36777777777777776;90.0
resnetv2_cevada_param_Alto;4;weighted avg;0.37999999999999995;0.6;0.4600000000000001;90.0
resnetv2_cevada_param_Alto;5;Class 0;0.5999999999999999;1.0;0.7418181818181818;66.0
resnetv2_cevada_param_Alto;5;Class 1;0.0;0.0;0.0;44.0
resnetv2_cevada_param_Alto;5;Micro Avg;0.5999999999999999;0.5999999999999999;0.5999999999999999;110.0
resnetv2_cevada_param_Alto;5;Macro Avg;0.29999999999999993;0.5;0.36818181818181817;110.0
resnetv2_cevada_param_Alto;5;weighted avg;0.37636363636363634;0.5999999999999999;0.45818181818181825;110.0
resnetv2_cevada_param_Alto;6;Class 0;0.5692307692307692;1.0;0.7153846153846154;74.0
resnetv2_cevada_param_Alto;6;Class 1;0.0;0.0;0.0;56.0
resnetv2_cevada_param_Alto;6;Micro Avg;0.5692307692307692;0.5692307692307692;0.5692307692307692;130.0
resnetv2_cevada_param_Alto;6;Macro Avg;0.2846153846153846;0.5;0.35615384615384615;130.0
resnetv2_cevada_param_Alto;6;weighted avg;0.34307692307692306;0.5692307692307692;0.42307692307692324;130.0
resnetv2_cevada_param_Alto;7;Class 0;0.58;1.0;0.7240000000000001;87.0
resnetv2_cevada_param_Alto;7;Class 1;0.0;0.0;0.0;63.0
resnetv2_cevada_param_Alto;7;Micro Avg;0.58;0.58;0.58;150.0
resnetv2_cevada_param_Alto;7;Macro Avg;0.29;0.5;0.36000000000000004;150.0
resnetv2_cevada_param_Alto;7;weighted avg;0.35666666666666663;0.58;0.4360000000000001;150.0
resnetv2_cevada_param_Alto;8;Class 0;0.575;1.0;0.7206250000000001;92.0
resnetv2_cevada_param_Alto;8;Class 1;0.0;0.0;0.0;68.0
resnetv2_cevada_param_Alto;8;Micro Avg;0.575;0.575;0.575;160.0
resnetv2_cevada_param_Alto;8;Macro Avg;0.2875;0.5;0.358125;160.0
resnetv2_cevada_param_Alto;8;weighted avg;0.35;0.575;0.4293750000000001;160.0
resnetv2_cevada_param_Low;1;Class 0;0.0;0.0;0.0;15.0
resnetv2_cevada_param_Low;1;Class 1;0.37375;0.75;0.475;9.0
resnetv2_cevada_param_Low;1;Micro Avg;0.37375;0.37375;0.37375;24.0
resnetv2_cevada_param_Low;1;Macro Avg;0.25125000000000003;0.4375;0.3;24.0
resnetv2_cevada_param_Low;1;weighted avg;0.23500000000000001;0.37375;0.27625;24.0
resnetv2_cevada_param_Low;2;Class 0;0.0;0.0;0.0;25.0
resnetv2_cevada_param_Low;2;Class 1;0.444;0.8;0.5466666666666666;20.0
resnetv2_cevada_param_Low;2;Micro Avg;0.444;0.444;0.444;45.0
resnetv2_cevada_param_Low;2;Macro Avg;0.28933333333333333;0.4666666666666667;0.33999999999999997;45.0
resnetv2_cevada_param_Low;2;weighted avg;0.29466666666666674;0.444;0.34266666666666673;45.0
resnetv2_cevada_param_Low;3;Class 0;0.0;0.0;0.0;38.0
resnetv2_cevada_param_Low;3;Class 1;0.3961904761904762;0.7619047619047619;0.5;25.0
resnetv2_cevada_param_Low;3;Micro Avg;0.3961904761904762;0.3961904761904762;0.3961904761904762;63.0
resnetv2_cevada_param_Low;3;Macro Avg;0.24666666666666665;0.42857142857142855;0.2976190476190476;63.0
resnetv2_cevada_param_Low;3;weighted avg;0.24714285714285725;0.3961904761904762;0.2942857142857143;63.0
resnetv2_mammoset_param_Alto;1;Class 0;0.0;0.0;0.0;109.0
resnetv2_mammoset_param_Alto;1;Class 1;0.0;0.0;0.0;99.0
resnetv2_mammoset_param_Alto;1;Class 2;0.22482758620689658;0.7443103448275863;0.33103448275862074;130.0
resnetv2_mammoset_param_Alto;1;Class 3;0.08620689655172414;0.03879310344827586;0.04931034482758621;122.0
resnetv2_mammoset_param_Alto;1;Micro Avg;0.2293103448275862;0.2293103448275862;0.2293103448275862;460.0
resnetv2_mammoset_param_Alto;1;Macro Avg;0.07741379310344826;0.19568965517241382;0.0956896551724138;460.0
resnetv2_mammoset_param_Alto;1;weighted avg;0.10913793103448274;0.2293103448275862;0.12913793103448276;460.0
resnetv2_mammoset_param_Alto;2;Class 0;0.0;0.0;0.0;227.0
resnetv2_mammoset_param_Alto;2;Class 1;0.0;0.0;0.0;201.0
resnetv2_mammoset_param_Alto;2;Class 2;0.2494782608695651;0.814;0.3663478260869566;284.0
resnetv2_mammoset_param_Alto;2;Class 3;0.06956521739130435;0.029652173913043478;0.03939130434782608;258.0
resnetv2_mammoset_param_Alto;2;Micro Avg;0.2504347826086956;0.2504347826086956;0.2504347826086956;970.0
resnetv2_mammoset_param_Alto;2;Macro Avg;0.08034782608695654;0.21286956521739128;0.10321739130434787;970.0
resnetv2_mammoset_param_Alto;2;weighted avg;0.11382608695652165;0.2504347826086956;0.139913043478261;970.0
resnetv2_mammoset_param_Alto;3;Class 0;0.0;0.0;0.0;335.0
resnetv2_mammoset_param_Alto;3;Class 1;0.0;0.0;0.0;295.0
resnetv2_mammoset_param_Alto;3;Class 2;0.24883720930232536;0.8044186046511629;0.366046511627907;423.0
resnetv2_mammoset_param_Alto;3;Class 3;0.055232558139534885;0.02366279069767442;0.03156976744186046;377.0
resnetv2_mammoset_param_Alto;3;Micro Avg;0.24883720930232536;0.24883720930232536;0.24883720930232536;1430.0
resnetv2_mammoset_param_Alto;3;Macro Avg;0.07662790697674421;0.20924418604651154;0.1013372093023256;1430.0
resnetv2_mammoset_param_Alto;3;weighted avg;0.10790697674418594;0.24883720930232536;0.13732558139534892;1430.0
resnetv2_mammoset_param_Alto;4;Class 0;0.0;0.0;0.0;442.0
resnetv2_mammoset_param_Alto;4;Class 1;0.0;0.0;0.0;401.0
resnetv2_mammoset_param_Alto;4;Class 2;0.24951965065502152;0.8116157205240175;0.36764192139737945;565.0
resnetv2_mammoset_param_Alto;4;Class 3;0.05895196506550218;0.022270742358078605;0.030829694323144106;512.0
resnetv2_mammoset_param_Alto;4;Micro Avg;0.2502183406113534;0.2502183406113534;0.2502183406113534;1920.0
resnetv2_mammoset_param_Alto;4;Macro Avg;0.07751091703056774;0.21043668122270734;0.10165938864628829;1920.0
resnetv2_mammoset_param_Alto;4;weighted avg;0.11026200873362439;0.2502183406113534;0.13794759825327518;1920.0
resnetv2_mammoset_param_Alto;5;Class 0;0.0;0.0;0.0;544.0
resnetv2_mammoset_param_Alto;5;Class 1;0.0;0.0;0.0;495.0
resnetv2_mammoset_param_Alto;5;Class 2;0.2494055944055942;0.8044755244755245;0.3672377622377615;708.0
resnetv2_mammoset_param_Alto;5;Class 3;0.057692307692307696;0.022587412587412592;0.03118881118881119;633.0
resnetv2_mammoset_param_Alto;5;Micro Avg;0.2503496503496501;0.2503496503496501;0.2503496503496501;2380.0
resnetv2_mammoset_param_Alto;5;Macro Avg;0.07713286713286725;0.20863636363636356;0.10146853146853156;2380.0
resnetv2_mammoset_param_Alto;5;weighted avg;0.10947552447552443;0.2503496503496501;0.13832167832167827;2380.0
resnetv2_mammoset_param_Alto;6;Class 0;0.0;0.0;0.0;659.0
resnetv2_mammoset_param_Alto;6;Class 1;0.0;0.0;0.0;588.0
resnetv2_mammoset_param_Alto;6;Class 2;0.24387755102040792;0.8032069970845482;0.36078717201166094;831.0
resnetv2_mammoset_param_Alto;6;Class 3;0.055889212827988345;0.022419825072886302;0.03087463556851312;772.0
resnetv2_mammoset_param_Alto;6;Micro Avg;0.24518950437317763;0.24518950437317763;0.24518950437317763;2850.0
resnetv2_mammoset_param_Alto;6;Macro Avg;0.07513119533527714;0.20798833819241974;0.09970845481049563;2850.0
resnetv2_mammoset_param_Alto;6;weighted avg;0.10504373177842564;0.24518950437317763;0.1338192419825073;2850.0
resnetv2_mammoset_param_Alto;7;Class 0;0.0;0.0;0.0;752.0
resnetv2_mammoset_param_Alto;7;Class 1;0.0;0.0;0.0;676.0
resnetv2_mammoset_param_Alto;7;Class 2;0.24029999999999976;0.7911750000000002;0.3560999999999995;955.0
resnetv2_mammoset_param_Alto;7;Class 3;0.06542500000000001;0.02595;0.03555;897.0
resnetv2_mammoset_param_Alto;7;Micro Avg;0.24199999999999988;0.24199999999999988;0.24199999999999988;3280.0
resnetv2_mammoset_param_Alto;7;Macro Avg;0.07652500000000013;0.20562499999999992;0.0995249999999999;3280.0
resnetv2_mammoset_param_Alto;7;weighted avg;0.10604999999999999;0.24199999999999988;0.13249999999999995;3280.0
resnetv2_mammoset_param_Alto;8;Class 0;0.0;0.0;0.0;847.0
resnetv2_mammoset_param_Alto;8;Class 1;0.0;0.0;0.0;776.0
resnetv2_mammoset_param_Alto;8;Class 2;0.24041666666666653;0.7884210526315791;0.3559429824561404;1088.0
resnetv2_mammoset_param_Alto;8;Class 3;0.07274122807017544;0.02787280701754386;0.03870614035087719;1009.0
resnetv2_mammoset_param_Alto;8;Micro Avg;0.2421052631578947;0.2421052631578947;0.2421052631578947;3720.0
resnetv2_mammoset_param_Alto;8;Macro Avg;0.07837719298245625;0.20526315789473676;0.10010964912280683;3720.0
resnetv2_mammoset_param_Alto;8;weighted avg;0.10859649122807015;0.2421052631578947;0.1333991228070175;3720.0
resnetv2_mammoset_param_Baixo;1;Class 0;0.0;0.0;0.0;109.0
resnetv2_mammoset_param_Baixo;1;Class 1;0.09310344827586207;0.296551724137931;0.13910344827586216;54.0
resnetv2_mammoset_param_Baixo;1;Class 2;0.0;0.0;0.0;89.0
resnetv2_mammoset_param_Baixo;1;Class 3;0.0;0.0;0.0;84.0
resnetv2_mammoset_param_Baixo;1;Micro Avg;0.09310344827586207;0.09310344827586207;0.09310344827586207;336.0
resnetv2_mammoset_param_Baixo;1;Macro Avg;0.029034482758620694;0.09179310344827586;0.04310344827586205;336.0
resnetv2_mammoset_param_Baixo;1;weighted avg;0.03220689655172415;0.09310344827586207;0.047103448275862055;336.0
resnetv2_mammoset_param_Baixo;2;Class 0;0.0;0.0;0.0;237.0
resnetv2_mammoset_param_Baixo;2;Class 1;0.092560553633218;0.2975778546712803;0.13865051903114178;107.0
resnetv2_mammoset_param_Baixo;2;Class 2;0.0;0.0;0.0;178.0
resnetv2_mammoset_param_Baixo;2;Class 3;0.0;0.0;0.0;166.0
resnetv2_mammoset_param_Baixo;2;Micro Avg;0.092560553633218;0.092560553633218;0.092560553633218;688.0
resnetv2_mammoset_param_Baixo;2;Macro Avg;0.028961937716262973;0.09266435986159154;0.04314878892733568;688.0
resnetv2_mammoset_param_Baixo;2;weighted avg;0.031660899653979224;0.092560553633218;0.046470588235294076;688.0
resnetv2_mammoset_param_Baixo;3;Class 0;0.0;0.0;0.0;365.0
resnetv2_mammoset_param_Baixo;3;Class 1;0.09259259259259259;0.30324074074074076;0.13942129629629615;160.0
resnetv2_mammoset_param_Baixo;3;Class 2;0.0;0.0;0.0;273.0
resnetv2_mammoset_param_Baixo;3;Class 3;0.0;0.0;0.0;258.0
resnetv2_mammoset_param_Baixo;3;Micro Avg;0.09259259259259259;0.09259259259259259;0.09259259259259259;1056.0
resnetv2_mammoset_param_Baixo;3;Macro Avg;0.028726851851851868;0.09377314814814793;0.04310185185185188;1056.0
resnetv2_mammoset_param_Baixo;3;weighted avg;0.030949074074074105;0.09259259259259259;0.04576388888888889;1056.0
nasnet_larvae_param_Alto;1;Class 0;0.7446666666666668;0.7776666666666666;0.7506666666666667;53.0
nasnet_larvae_param_Alto;1;Class 1;0.9840624999999998;0.9668749999999998;0.9731249999999999;267.0
nasnet_larvae_param_Alto;1;Micro Avg;0.9562499999999997;0.9562499999999997;0.9562499999999997;320.0
nasnet_larvae_param_Alto;1;Macro Avg;0.871875;0.8790625;0.8687499999999999;320.0
nasnet_larvae_param_Alto;1;weighted avg;0.9753124999999999;0.9562499999999997;0.9625;320.0
nasnet_larvae_param_Alto;2;Class 0;0.8129508196721312;0.8627868852459015;0.8237704918032787;102.0
nasnet_larvae_param_Alto;2;Class 1;0.9874603174603174;0.9687301587301588;0.9760317460317459;528.0
nasnet_larvae_param_Alto;2;Micro Avg;0.9619047619047616;0.9619047619047616;0.9619047619047616;630.0
nasnet_larvae_param_Alto;2;Macro Avg;0.9030158730158732;0.9176190476190476;0.9019047619047617;630.0
nasnet_larvae_param_Alto;2;weighted avg;0.979047619047619;0.9619047619047616;0.9669841269841268;630.0
nasnet_larvae_param_Alto;3;Class 0;0.8084444444444445;0.87;0.8244444444444444;147.0
nasnet_larvae_param_Alto;3;Class 1;0.9903191489361701;0.9687234042553193;0.9776595744680852;793.0
nasnet_larvae_param_Alto;3;Micro Avg;0.9638297872340428;0.9638297872340428;0.9638297872340428;940.0
nasnet_larvae_param_Alto;3;Macro Avg;0.9032978723404255;0.921595744680851;0.9039361702127656;940.0
nasnet_larvae_param_Alto;3;weighted avg;0.9815957446808512;0.9638297872340428;0.9693617021276594;940.0
nasnet_larvae_param_Alto;4;Class 0;0.822608695652174;0.886695652173913;0.8400869565217391;198.0
nasnet_larvae_param_Alto;4;Class 1;0.9917599999999999;0.9711200000000001;0.9796800000000002;1052.0
nasnet_larvae_param_Alto;4;Micro Avg;0.9672000000000005;0.9672000000000005;0.9672000000000005;1250.0
nasnet_larvae_param_Alto;4;Macro Avg;0.9140799999999999;0.9328799999999999;0.9155999999999997;1250.0
nasnet_larvae_param_Alto;4;weighted avg;0.9831200000000002;0.9672000000000005;0.9720799999999997;1250.0
nasnet_larvae_param_Alto;5;Class 0;0.8234751773049647;0.8898581560283688;0.84177304964539;244.0
nasnet_larvae_param_Alto;5;Class 1;0.9926923076923074;0.9711538461538461;0.9801923076923077;1316.0
nasnet_larvae_param_Alto;5;Micro Avg;0.9679487179487187;0.9679487179487187;0.9679487179487187;1560.0
nasnet_larvae_param_Alto;5;Macro Avg;0.9162820512820513;0.9352564102564099;0.9179487179487179;1560.0
nasnet_larvae_param_Alto;5;weighted avg;0.9835897435897437;0.9679487179487187;0.9728205128205122;1560.0
nasnet_larvae_param_Alto;6;Class 0;0.833030303030303;0.8967878787878788;0.8503030303030303;281.0
nasnet_larvae_param_Alto;6;Class 1;0.9933155080213901;0.9729411764705881;0.9814973262032085;1589.0
nasnet_larvae_param_Alto;6;Micro Avg;0.9700534759358297;0.9700534759358297;0.9700534759358297;1870.0
nasnet_larvae_param_Alto;6;Macro Avg;0.922673796791444;0.9404278074866307;0.9241176470588237;1870.0
nasnet_larvae_param_Alto;6;weighted avg;0.9845454545454546;0.9700534759358297;0.9745454545454538;1870.0
nasnet_larvae_param_Alto;7;Class 0;0.8107894736842102;0.881421052631579;0.8315789473684213;319.0
nasnet_larvae_param_Alto;7;Class 1;0.9932568807339447;0.9699999999999998;0.9799082568807337;1861.0
nasnet_larvae_param_Alto;7;Micro Avg;0.9674311926605516;0.9674311926605516;0.9674311926605516;2180.0
nasnet_larvae_param_Alto;7;Macro Avg;0.9138073394495416;0.9328440366972471;0.9160091743119269;2180.0
nasnet_larvae_param_Alto;7;weighted avg;0.9825688073394497;0.9674311926605516;0.9722935779816505;2180.0
nasnet_larvae_param_Alto;8;Class 0;0.7997695852534559;0.866221198156682;0.8186175115207375;358.0
nasnet_larvae_param_Alto;8;Class 1;0.9925806451612901;0.9689112903225805;0.9790322580645158;2122.0
nasnet_larvae_param_Alto;8;Micro Avg;0.9657258064516141;0.9657258064516141;0.9657258064516141;2480.0
nasnet_larvae_param_Alto;8;Macro Avg;0.9083870967741938;0.9254838709677411;0.9095564516129034;2480.0
nasnet_larvae_param_Alto;8;weighted avg;0.982459677419355;0.9657258064516141;0.9713306451612893;2480.0
nasnet_cevada_param_alto;1;Class 0;0.7933333333333333;1.0;0.8833333333333333;23.0
nasnet_cevada_param_alto;1;Class 1;0.3333333333333333;0.11;0.16666666666666666;7.0
nasnet_cevada_param_alto;1;Micro Avg;0.7999999999999999;0.7999999999999999;0.7999999999999999;30.0
nasnet_cevada_param_alto;1;Macro Avg;0.5633333333333334;0.5566666666666666;0.5233333333333333;30.0
nasnet_cevada_param_alto;1;weighted avg;0.7133333333333334;0.7999999999999999;0.73;30.0
nasnet_cevada_param_alto;2;Class 0;0.6639999999999999;1.0;0.788;32.0
nasnet_cevada_param_alto;2;Class 1;0.4;0.1;0.158;18.0
nasnet_cevada_param_alto;2;Micro Avg;0.6799999999999999;0.6799999999999999;0.6799999999999999;50.0
nasnet_cevada_param_alto;2;Macro Avg;0.532;0.55;0.47000000000000003;50.0
nasnet_cevada_param_alto;2;weighted avg;0.634;0.6799999999999999;0.588;50.0
nasnet_cevada_param_alto;3;Class 0;0.7142857142857143;0.9685714285714286;0.807142857142857;49.0
nasnet_cevada_param_alto;3;Class 1;0.2857142857142857;0.07142857142857142;0.11285714285714286;21.0
nasnet_cevada_param_alto;3;Micro Avg;0.7;0.7;0.7;70.0
nasnet_cevada_param_alto;3;Macro Avg;0.5;0.52;0.4571428571428572;70.0
nasnet_cevada_param_alto;3;weighted avg;0.6571428571428571;0.7;0.6271428571428571;70.0
nasnet_cevada_param_alto;4;Class 0;0.7;0.9755555555555557;0.8022222222222222;62.0
nasnet_cevada_param_alto;4;Class 1;0.2222222222222222;0.05555555555555555;0.08777777777777779;28.0
nasnet_cevada_param_alto;4;Micro Avg;0.6888888888888888;0.6888888888888888;0.6888888888888888;90.0
nasnet_cevada_param_alto;4;Macro Avg;0.46111111111111114;0.5155555555555557;0.4422222222222223;90.0
nasnet_cevada_param_alto;4;weighted avg;0.6055555555555556;0.6888888888888888;0.6022222222222222;90.0
nasnet_cevada_param_alto;5;Class 0;0.6909090909090909;0.9800000000000001;0.799090909090909;75.0
nasnet_cevada_param_alto;5;Class 1;0.18181818181818182;0.045454545454545456;0.07181818181818182;35.0
nasnet_cevada_param_alto;5;Micro Avg;0.6818181818181818;0.6818181818181818;0.6818181818181818;110.0
nasnet_cevada_param_alto;5;Macro Avg;0.43636363636363634;0.5127272727272728;0.4327272727272728;110.0
nasnet_cevada_param_alto;5;weighted avg;0.5727272727272728;0.6818181818181818;0.5863636363636364;110.0
nasnet_cevada_param_alto;6;Class 0;0.7046153846153846;0.9638461538461539;0.8023076923076923;91.0
nasnet_cevada_param_alto;6;Class 1;0.15384615384615385;0.038461538461538464;0.06076923076923077;39.0
nasnet_cevada_param_alto;6;Micro Avg;0.6846153846153845;0.6846153846153845;0.6846153846153845;130.0
nasnet_cevada_param_alto;6;Macro Avg;0.4284615384615385;0.5007692307692309;0.4292307692307693;130.0
nasnet_cevada_param_alto;6;weighted avg;0.5823076923076923;0.6846153846153845;0.5984615384615385;130.0
nasnet_cevada_param_alto;7;Class 0;0.7086666666666667;0.9686666666666668;0.808;105.0
nasnet_cevada_param_alto;7;Class 1;0.2;0.05;0.07933333333333333;45.0
nasnet_cevada_param_alto;7;Micro Avg;0.6933333333333332;0.6933333333333332;0.6933333333333332;150.0
nasnet_cevada_param_alto;7;Macro Avg;0.45333333333333337;0.5086666666666667;0.4413333333333334;150.0
nasnet_cevada_param_alto;7;weighted avg;0.6006666666666668;0.6933333333333332;0.6086666666666667;150.0
nasnet_cevada_param_alto;8;Class 0;0.703125;0.9706250000000001;0.805625;110.0
nasnet_cevada_param_alto;8;Class 1;0.25;0.071875;0.10999999999999999;50.0
nasnet_cevada_param_alto;8;Micro Avg;0.6937499999999999;0.6937499999999999;0.6937499999999999;160.0
nasnet_cevada_param_alto;8;Macro Avg;0.4756250000000001;0.520625;0.45562500000000006;160.0
nasnet_cevada_param_alto;8;weighted avg;0.6137500000000001;0.6937499999999999;0.6125;160.0
inceptionv3_cevada_param_Baixo;1;Class 0;0.5242857142857142;0.4757142857142857;0.44857142857142857;10.0
inceptionv3_cevada_param_Baixo;1;Class 1;0.5;0.4057142857142857;0.42000000000000004;11.0
inceptionv3_cevada_param_Baixo;1;Micro Avg;0.5728571428571428;0.5728571428571428;0.5728571428571428;21.0
inceptionv3_cevada_param_Baixo;1;Macro Avg;0.5114285714285715;0.44;0.4342857142857143;21.0
inceptionv3_cevada_param_Baixo;1;weighted avg;0.7757142857142858;0.5728571428571428;0.6142857142857144;21.0
inceptionv3_cevada_param_Baixo;2;Class 0;0.5121428571428571;0.44;0.4385714285714286;23.0
inceptionv3_cevada_param_Baixo;2;Class 1;0.4521428571428571;0.45285714285714285;0.4242857142857143;19.0
inceptionv3_cevada_param_Baixo;2;Micro Avg;0.5235714285714286;0.5235714285714286;0.5235714285714286;42.0
inceptionv3_cevada_param_Baixo;2;Macro Avg;0.48214285714285715;0.44642857142857145;0.43142857142857144;42.0
inceptionv3_cevada_param_Baixo;2;weighted avg;0.6571428571428573;0.5235714285714286;0.545;42.0
inceptionv3_cevada_param_Baixo;3;Class 0;0.5085;0.4495;0.4405;31.0
inceptionv3_cevada_param_Baixo;3;Class 1;0.4415;0.417;0.40549999999999997;29.0
inceptionv3_cevada_param_Baixo;3;Micro Avg;0.4995;0.4995;0.4995;60.0
inceptionv3_cevada_param_Baixo;3;Macro Avg;0.475;0.4335;0.42300000000000004;60.0
inceptionv3_cevada_param_Baixo;3;weighted avg;0.6345000000000001;0.4995;0.523;60.0
inceptionv3_larvae_param_Baixo;1;Class 0;0.7;0.6758181818181819;0.6814545454545455;60.0
inceptionv3_larvae_param_Baixo;1;Class 1;0.9302803738317759;0.9798130841121495;0.9456074766355138;261.0
inceptionv3_larvae_param_Baixo;1;Micro Avg;0.9320560747663554;0.9320560747663554;0.9320560747663554;321.0
inceptionv3_larvae_param_Baixo;1;Macro Avg;0.8874766355140185;0.9064485981308411;0.8909345794392525;321.0
inceptionv3_larvae_param_Baixo;1;weighted avg;0.9172897196261681;0.9320560747663554;0.9171962616822431;321.0
inceptionv3_larvae_param_Baixo;2;Class 0;0.698019801980198;0.6716831683168317;0.6794059405940595;111.0
inceptionv3_larvae_param_Baixo;2;Class 1;0.936995305164319;0.9820657276995304;0.9517370892018782;528.0
inceptionv3_larvae_param_Baixo;2;Micro Avg;0.9395305164319245;0.9395305164319245;0.9395305164319245;639.0
inceptionv3_larvae_param_Baixo;2;Macro Avg;0.8963380281690143;0.9130516431924883;0.8998591549295778;639.0
inceptionv3_larvae_param_Baixo;2;weighted avg;0.9253051643192487;0.9395305164319245;0.9260093896713617;639.0
inceptionv3_larvae_param_Baixo;3;Class 0;0.7269736842105263;0.6974342105263158;0.7067763157894738;173.0
inceptionv3_larvae_param_Baixo;3;Class 1;0.9379874213836478;0.9832704402515722;0.9535534591194974;781.0
inceptionv3_larvae_param_Baixo;3;Micro Avg;0.9428616352201256;0.9428616352201256;0.9428616352201256;954.0
inceptionv3_larvae_param_Baixo;3;Macro Avg;0.9032075471698118;0.9192138364779876;0.9066981132075475;954.0
inceptionv3_larvae_param_Baixo;3;weighted avg;0.9286477987421382;0.9428616352201256;0.9298113207547168;954.0
inceptionv3_mammoset_param_Baixo;1;Class 0;0.013793103448275862;0.010344827586206896;0.011517241379310345;70.0
inceptionv3_mammoset_param_Baixo;1;Class 1;0.0;0.0;0.0;69.0
inceptionv3_mammoset_param_Baixo;1;Class 2;0.041379310344827586;0.03793103448275862;0.03910344827586207;46.0
inceptionv3_mammoset_param_Baixo;1;Class 3;0.62;0.20689655172413793;0.0941379310344828;35.0
inceptionv3_mammoset_param_Baixo;1;Micro Avg;0.07413793103448275;0.07413793103448275;0.07413793103448275;220.0
inceptionv3_mammoset_param_Baixo;1;Macro Avg;0.03206896551724137;0.07310344827586207;0.04055172413793101;220.0
inceptionv3_mammoset_param_Baixo;1;weighted avg;0.0366206896551724;0.07413793103448275;0.044068965517241356;220.0
inceptionv3_mammoset_param_Baixo;2;Class 0;0.010380622837370242;0.00865051903114187;0.009238754325259516;134.0
inceptionv3_mammoset_param_Baixo;2;Class 1;0.0;0.0;0.0;139.0
inceptionv3_mammoset_param_Baixo;2;Class 2;0.03460207612456748;0.031141868512110725;0.03231833910034602;96.0
inceptionv3_mammoset_param_Baixo;2;Class 3;0.05584775086505191;0.18858131487889274;0.08508650519031137;63.0
inceptionv3_mammoset_param_Baixo;2;Micro Avg;0.06487889273356401;0.06487889273356401;0.06487889273356401;432.0
inceptionv3_mammoset_param_Baixo;2;Macro Avg;0.027024221453287176;0.0633910034602076;0.034636678200692;432.0
inceptionv3_mammoset_param_Baixo;2;weighted avg;0.0307266435986159;0.06487889273356401;0.03757785467128024;432.0
inceptionv3_mammoset_param_Baixo;3;Class 0;0.009259259259259259;0.008101851851851851;0.00849537037037037;190.0
inceptionv3_mammoset_param_Baixo;3;Class 1;0.0;0.0;0.0;194.0
inceptionv3_mammoset_param_Baixo;3;Class 2;0.02546296296296296;0.02199074074074074;0.023171296296296297;129.0
inceptionv3_mammoset_param_Baixo;3;Class 3;0.06069444444444444;0.19560185185185186;0.0911805555555555;103.0
inceptionv3_mammoset_param_Baixo;3;Micro Avg;0.06770833333333333;0.06770833333333333;0.06770833333333333;616.0
inceptionv3_mammoset_param_Baixo;3;Macro Avg;0.026365740740740738;0.06395833333333326;0.03449074074074074;616.0
inceptionv3_mammoset_param_Baixo;3;weighted avg;0.03090277777777779;0.06770833333333333;0.0388194444444444;616.0
nasnet_larvae_param_Baixo;1;Class 0;0.5416666666666666;0.506875;0.5175000000000001;55.0
nasnet_larvae_param_Baixo;1;Class 1;0.9039252336448601;0.9906542056074766;0.934953271028037;266.0
nasnet_larvae_param_Baixo;1;Micro Avg;0.9101869158878506;0.9101869158878506;0.9101869158878506;321.0
nasnet_larvae_param_Baixo;1;Macro Avg;0.8484112149532708;0.884766355140187;0.8592523364485983;321.0
nasnet_larvae_param_Baixo;1;weighted avg;0.8724299065420558;0.9101869158878506;0.8824299065420563;321.0
nasnet_larvae_param_Baixo;2;Class 0;0.5434782608695652;0.5090217391304348;0.520108695652174;106.0
nasnet_larvae_param_Baixo;2;Class 1;0.9088732394366196;0.993755868544601;0.9382629107981223;533.0
nasnet_larvae_param_Baixo;2;Micro Avg;0.9128638497652579;0.9128638497652579;0.9128638497652579;639.0
nasnet_larvae_param_Baixo;2;Macro Avg;0.8552112676056339;0.8908450704225352;0.8654929577464793;639.0
nasnet_larvae_param_Baixo;2;weighted avg;0.8773708920187793;0.9128638497652579;0.8866666666666666;639.0
nasnet_larvae_param_Baixo;3;Class 0;0.5367647058823529;0.5061029411764706;0.5161029411764707;155.0
nasnet_larvae_param_Baixo;3;Class 1;0.9118238993710689;0.99374213836478;0.9395911949685543;799.0
nasnet_larvae_param_Baixo;3;Micro Avg;0.9134905660377355;0.9134905660377355;0.9134905660377355;954.0
nasnet_larvae_param_Baixo;3;Macro Avg;0.8562578616352203;0.8912264150943398;0.8663207547169813;954.0
nasnet_larvae_param_Baixo;3;weighted avg;0.8791823899371071;0.9134905660377355;0.88814465408805;954.0
nasnet_cavada_param_Baixo;1;Class 0;0.7857142857142857;0.9285714285714286;0.8057142857142857;15.0
nasnet_cavada_param_Baixo;1;Class 1;0.3125;0.3125;0.2925;9.0
nasnet_cavada_param_Baixo;1;Micro Avg;0.625;0.625;0.625;24.0
nasnet_cavada_param_Baixo;1;Macro Avg;0.5625;0.625;0.56125;24.0
nasnet_cavada_param_Baixo;1;weighted avg;0.60875;0.625;0.5875;24.0
nasnet_cavada_param_Baixo;2;Class 0;0.8723076923076923;10.384.615.384.615.300;0.9161538461538463;29.0
nasnet_cavada_param_Baixo;2;Class 1;0.43333333333333335;0.4;0.40066666666666667;16.0
nasnet_cavada_param_Baixo;2;Micro Avg;0.734;0.734;0.734;45.0
nasnet_cavada_param_Baixo;2;Macro Avg;0.6606666666666666;0.7166666666666667;0.664;45.0
nasnet_cavada_param_Baixo;2;weighted avg;0.7053333333333333;0.734;0.6953333333333334;45.0
nasnet_cavada_param_Baixo;3;Class 0;0.8078947368421052;0.10089473684210500;0.8636842105263159;41.0
nasnet_cavada_param_Baixo;3;Class 1;0.30952380952380953;0.2857142857142857;0.28619047619047616;22.0
nasnet_cavada_param_Baixo;3;Micro Avg;0.6995238095238090;0.6995238095238090;0.6995238095238090;63.0
nasnet_cavada_param_Baixo;3;Macro Avg;0.5666666666666660;0.6466666666666660;0.5814285714285710;63.0
nasnet_cavada_param_Baixo;3;weighted avg;0.6404761904761900;0.6995238095238090;0.6438095238095230;63.0
nasnet_mammoset_param_Baixo;1;Class 0;0.8275862068965510;0.6724137931034480;0.6958620689655170;127.0
nasnet_mammoset_param_Baixo;1;Class 1;0.1482758620689650;0.12641379310344800;0.1301379310344820;117.0
nasnet_mammoset_param_Baixo;1;Class 2;0.2395862068965510;0.26427586206896500;0.23248275862068900;137.0
nasnet_mammoset_param_Baixo;1;Class 3;0.2906206896551720;0.3677241379310340;0.2973103448275860;155.0
nasnet_mammoset_param_Baixo;1;Micro Avg;0.3;0.3;0.3;536.0
nasnet_mammoset_param_Baixo;1;Macro Avg;0.22537931034482700;0.24365517241379300;0.21524137931034400;536.0
nasnet_mammoset_param_Baixo;1;weighted avg;0.3244827586206890;0.3;0.28551724137931000;536.0
nasnet_mammoset_param_Baixo;2;Class 0;0.9515570934256050;0.78719723183391;0.8283737024221450;248.0
nasnet_mammoset_param_Baixo;2;Class 1;0.157439446366782;0.13608996539792300;0.13937716262975700;221.0
nasnet_mammoset_param_Baixo;2;Class 2;0.28276816608996500;0.3113840830449820;0.27553633217993000;287.0
nasnet_mammoset_param_Baixo;2;Class 3;0.2688927335640130;0.3517647058823520;0.2794117647058820;296.0
nasnet_mammoset_param_Baixo;2;Micro Avg;0.314878892733564;0.314878892733564;0.314878892733564;1052.0
nasnet_mammoset_param_Baixo;2;Macro Avg;0.237993079584775;0.2599653979238750;0.2297231833910030;1052.0
nasnet_mammoset_param_Baixo;2;weighted avg;0.3344982698961930;0.314878892733564;0.29899653979238700;1052.0
nasnet_mammoset_param_Baixo;3;Class 0;0.9143518518518510;0.6962962962962960;0.7592592592592590;375.0
nasnet_mammoset_param_Baixo;3;Class 1;0.13310185185185100;0.11766203703703700;0.11951388888888800;336.0
nasnet_mammoset_param_Baixo;3;Class 2;0.28928240740740700;0.3101620370370370;0.2785879629629630;443.0
nasnet_mammoset_param_Baixo;3;Class 3;0.2538194444444440;0.3391203703703700;0.26567129629629600;438.0
nasnet_mammoset_param_Baixo;3;Micro Avg;0.30671296296296200;0.30671296296296200;0.30671296296296200;1592.0
nasnet_mammoset_param_Baixo;3;Macro Avg;0.22928240740740700;0.24944444444444400;0.2205324074074070;1592.0
nasnet_mammoset_param_Baixo;3;weighted avg;0.3262268518518520;0.30671296296296200;0.2914814814814810;1592.0
nasnet_mammoset_param_Alto;1;Class 0;0.3405172413793100;0.5017241379310340;0.3756896551724130;120.0
nasnet_mammoset_param_Alto;1;Class 1;0.2672413793103440;0.14;0.17224137931034400;109.0
nasnet_mammoset_param_Alto;1;Class 2;0.36344827586206800;0.24655172413793000;0.27189655172413700;186.0
nasnet_mammoset_param_Alto;1;Class 3;0.42275862068965500;0.6650000000000000;0.48862068965517200;165.0
nasnet_mammoset_param_Alto;1;Micro Avg;0.4137931034482750;0.4137931034482750;0.4137931034482750;580.0
nasnet_mammoset_param_Alto;1;Macro Avg;0.3670689655172410;0.40913793103448200;0.3451724137931030;580.0
nasnet_mammoset_param_Alto;1;weighted avg;0.4346551724137920;0.4137931034482750;0.3810344827586200;580.0
nasnet_mammoset_param_Alto;2;Class 0;0.32460869565217300;0.4366956521739130;0.34391304347826000;239.0
nasnet_mammoset_param_Alto;2;Class 1;0.1956521739130430;0.11182608695652100;0.13417391304347800;226.0
nasnet_mammoset_param_Alto;2;Class 2;0.3304347826086950;0.21600000000000000;0.2387826086956520;358.0
nasnet_mammoset_param_Alto;2;Class 3;0.41539130434782500;0.6829565217391300;0.4912173913043470;327.0
nasnet_mammoset_param_Alto;2;Micro Avg;0.3904347826086950;0.3904347826086950;0.3904347826086950;1150.0
nasnet_mammoset_param_Alto;2;Macro Avg;0.33573913043478200;0.38226086956521700;0.31956521739130400;1150.0
nasnet_mammoset_param_Alto;3;Class 0;0.3444767441860460;0.44726744186046500;0.356860465116279;367.0
nasnet_mammoset_param_Alto;3;Class 1;0.1686046511627900;0.9656976744186040;0.11610465116279000;327.0
nasnet_mammoset_param_Alto;3;Class 2;0.310406976744186;0.19622093023255800;0.21930232558139500;532.0
nasnet_mammoset_param_Alto;3;Class 3;0.40819767441860400;0.655639534883721;0.4771511627906970;494.0
nasnet_mammoset_param_Alto;3;Micro Avg;0.38372093023255800;0.38372093023255800;0.38372093023255800;1720.0
nasnet_mammoset_param_Alto;3;Macro Avg;0.3235465116279070;0.36523255813953400;0.30633720930232500;1720.0
nasnet_mammoset_param_Alto;3;weighted avg;0.4001162790697670;0.38372093023255800;0.3509302325581390;1720.0
nasnet_mammoset_param_Alto;4;Class 0;0.35323144104803400;0.45362445414847100;0.3651965065502180;503.0
nasnet_mammoset_param_Alto;4;Class 1;0.1572052401746720;0.8541484716157200;0.10484716157205200;443.0
nasnet_mammoset_param_Alto;4;Class 2;0.3182532751091700;0.20842794759825300;0.2287336244541480;702.0
nasnet_mammoset_param_Alto;4;Class 3;0.391353711790393;0.6351528384279470;0.4582096069868990;642.0
nasnet_mammoset_param_Alto;4;Micro Avg;0.3781659388646280;0.3781659388646280;0.3781659388646280;2290.0
nasnet_mammoset_param_Alto;4;Macro Avg;0.3182096069868990;0.3592576419213970;0.3011353711790390;2290.0
nasnet_mammoset_param_Alto;4;weighted avg;0.39886462882096000;0.3781659388646280;0.3475545851528380;2290.0
nasnet_mammoset_param_Alto;5;Class 0;0.34853146853146800;0.4517832167832160;0.3625874125874120;630.0
nasnet_mammoset_param_Alto;5;Class 1;0.16024475524475500;0.9178321678321670;0.10926573426573400;557.0
nasnet_mammoset_param_Alto;5;Class 2;0.32265734265734200;0.20947552447552400;0.22748251748251700;875.0
nasnet_mammoset_param_Alto;5;Class 3;0.3883916083916080;0.6238111888111880;0.4511888111888110;798.0
nasnet_mammoset_param_Alto;5;Micro Avg;0.37482517482517400;0.37482517482517400;0.37482517482517400;2860.0
nasnet_mammoset_param_Alto;5;Macro Avg;0.31545454545454500;0.35520979020979;0.29713286713286600;2860.0
nasnet_mammoset_param_Alto;5;weighted avg;0.3987062937062930;0.37482517482517400;0.34486013986013900;2860.0
nasnet_mammoset_param_Alto;6;Class 0;0.35134110787172;0.4422157434402330;0.3591545189504370;757.0
nasnet_mammoset_param_Alto;6;Class 1;0.16373177842565500;0.9594752186588910;0.11390670553935800;665.0
nasnet_mammoset_param_Alto;6;Class 2;0.3156559766763840;0.2125072886297370;0.22603498542274000;1032.0
nasnet_mammoset_param_Alto;6;Class 3;0.39195335276967900;0.626618075801749;0.45440233236151600;976.0
nasnet_mammoset_param_Alto;6;Micro Avg;0.3760932944606410;0.3760932944606410;0.3760932944606410;3430.0
nasnet_mammoset_param_Alto;6;Macro Avg;0.315539358600583;0.3549271137026230;0.2973760932944600;3430.0
nasnet_mammoset_param_Alto;6;weighted avg;0.40008746355685100;0.3760932944606410;0.34714285714285600;3430.0
nasnet_mammoset_param_Alto;7;Class 0;0.34467499999999900;0.43285000000000000;0.35325;875.0
nasnet_mammoset_param_Alto;7;Class 1;0.1629;0.9889999999999990;0.11470000000000000;770.0
nasnet_mammoset_param_Alto;7;Class 2;0.32544999999999900;0.222525;0.23570000000000000;1218.0
nasnet_mammoset_param_Alto;7;Class 3;0.39564999999999900;0.6247749999999990;0.4550500000000000;1137.0
nasnet_mammoset_param_Alto;7;Micro Avg;0.3780000000000000;0.3780000000000000;0.3780000000000000;4000.0
nasnet_mammoset_param_Alto;7;Macro Avg;0.31775;0.35624999999999900;0.29932499999999900;4000.0
nasnet_mammoset_param_Alto;7;weighted avg; 0.4036249999999990 ;0.3780000000000000;0.35069999999999900;4000.0
nasnet_mammoset_param_Alto;8;Class 0;0.3346052631578940;0.4219517543859650;0.34357456140350800;998.0
nasnet_mammoset_param_Alto;8;Class 1; 0.1626315789473680 ;0.1028070175438590;0.11616228070175400;889.0
nasnet_mammoset_param_Alto;8;Class 2; 0.3275657894736840 ;0.22313596491228000;0.23657894736842100;1392.0
nasnet_mammoset_param_Alto;8;Class 3; 0.3896710526315780 ;0.6222807017543850;0.44883771929824500;1281.0
nasnet_mammoset_param_Alto;8;Micro Avg; 0.372149122807018 ;0.372149122807018;0.372149122807018;4560.0
nasnet_mammoset_param_Alto;8;Macro Avg; 0.3140131578947360 ;0.35372807017543800;0.29563596491228000;4560.0
nasnet_mammoset_param_Alto;8;weighted avg; 0.3975877192982450 ;0.372149122807018;0.34467105263157800;4560.0
